"pubkey","2025-08-03","2025-08-04","2025-08-05","2025-08-06","2025-08-07","2025-08-08","2025-08-09","2025-08-10","2025-08-11","2025-08-12","2025-08-13","2025-08-14","2025-08-15","2025-08-16","2025-08-17","2025-08-18","2025-08-19","2025-08-20","2025-08-21","2025-08-22","2025-08-23","2025-08-24","2025-08-25","2025-08-26","2025-08-27","2025-08-28","2025-08-29","2025-08-30","2025-08-31","2025-09-01","2025-09-02","2025-09-03","2025-09-04","2025-09-05","2025-09-06","2025-09-07","2025-09-08","2025-09-09","2025-09-10","2025-09-11","2025-09-12","2025-09-13","2025-09-14","2025-09-15","2025-09-16","2025-09-17","2025-09-18","2025-09-19","2025-09-20","2025-09-21","2025-09-22","2025-09-23","2025-09-24","2025-09-25","2025-09-26","2025-09-27","2025-09-28","2025-09-29","2025-09-30","2025-10-01","2025-10-02","2025-10-03","2025-10-04","2025-10-05","2025-10-06","2025-10-07","2025-10-08"
"12i8gndWWWMTRzJBFhnYkobNgZB3XMUUJq75HeUrshrk",0,0,0,0,0,0,0,0,0,0,0,0,0,0,0,0,0,0,0,0,0,0,0,0,0,0,0,0,0,0,0,0,0,0,0,0,0,0,0,0,0,0,0,0,0,0,0,0,0,0,0,0,0,0,0.12,1,1,1,1,1,1,1,1,1,1,1,1
"13DmVBcyrSdsSsLWaKH9x1dwxDf48Wu5wprwxMmLshrk",0,0,0,0,0,0,0,0,0,0,0,0,0,0,0,0,0,0,0,0,0,0,0,0,0,0,0,0,0,0,0,0,0,0,0,0,0,0,0,0,0,0,0,0,0,0,0,0,0,0,0,0,0,0,0.12,1,1,1,1,1,1,1,1,1,1,1,1
"1KXvrkPXwkGF6NK1zyzVuJqbXfpenPVPP6hoiK9bsK3",0,0,0,0,0,0,0,0,0,0,0,0,0,0,0,0,0,0,0,0,0,0,0,0,0,0,0,0,0,0,0,0,0,0,0,0,0,0,0,0,0,0,0,0,0,0,0,0,0,0,0,0,0,0,0,0.33,1,1,1,1,1,1,1,1,1,1,1
"1Link6hB1NpkCwJt3ZtpQKZszKauhEcKgiWjaU8PRDG",0,0,0,0,0,0,0,0,0,0,0,0,0,0,0,0,0,0,0,0,0,0,0,0,0,0,0,0,0,0,0,0,0,0,0,0,0,0,0,0,0,0,0,0,0,0,0,0,0,0,0,0,0,0,0.54,1,1,1,1,1,1,1,1,1,1,1,1
"1i1yPyh843bTfi5qPgqozTbDcEX65rUNEFcUT2KAs2i",0,0,0,0,0,0,0,0,0,0,0,0,0,0,0,0,0,0,0,0,0,0,0,0,0,0,0,0,0,0,0,0,0,0,0,0,0,0,0,0,0,0,0,0,0,0.21,1,0.96,1,1,1,1,1,1,1,1,1,1,1,1,1,1,1,1,1,1,1
"23SUe5fzmLws1M58AnGnvnUBRUKJmzCpnFQwv4M4b9Er",0,0,0,0,0,0,0,0,0,0,0,0,0,0,0,0,0,0,0,0,0,0,0.33,1,1,1,1,1,1,1,1,1,1,1,1,1,1,0.96,1,1,1,1,1,1,1,1,1,1,1,1,1,1,1,1,1,1,1,1,1,1,1,1,1,1,1,1,1
"2AKKnirWVZMhnzuwqpizw9SwfZjGpRFLx2zCCNtPWpbc",0,0,0,0.04,0.46,1,1,1,1,1,1,1,1,1,1,0.96,0.92,1,1,1,1,1,1,1,1,1,0.88,1,1,1,1,1,1,1,1,1,1,1,1,1,1,0.96,1,1,1,1,1,1,1,1,1,1,1,1,1,1,1,1,1,1,1,1,1,1,1,1,1
"2Eq6YD8P8QXTeoz9h6JHjgZ55t8RSxNdx4waMDCoPmQU",0,0,0,0,0,0,0,0,0,0,0,0,0,0,0,0,0,0,0,0,0,0,0,0.08,1,1,1,1,1,1,1,1,1,1,1,1,1,1,1,0.96,1,1,1,1,1,1,1,1,1,1,1,0.88,1,1,1,1,1,1,1,1,1,1,1,1,1,1,1
"2EsGVtmMHo9phRWgazxjXDdu2J1yDGPp9t6Lws5SkDWB",0,0,0,0,0,0,0,0,0,0,0,0,0,0,0,0,0,0,0,0.25,0.75,0,0,0,0,0,0,0,0,0,0,0,0,0,0,0,0,0,0,0,0,0,0,0,0,0,0,0,0,0,0,0,0,0,0,0,0,0,0,0,0,0,0,0,0,0,0
"2N7v8pDKDYhtBUJBQUgxvysUjgM9s4ULPCmeEiPWTf6Z",0,0,0,0,0,0,0,0,0,0,0,0,0,0,0,0,0,0,0,0,0,0,0,0,0,0,0,0,0,0,0,0,0,0,0,0,0,0,0,0,0,0,0,0,0,0.33,1,1,1,1,1,1,1,1,1,1,1,1,1,1,1,1,1,1,1,1,1
"2NeqnzhgQBUEyMdWyVAXJjCYA3E2UTYXVdqutSQ27h17",0,0,0,0,0,0,0,0,0,0,0,0,0,0,0,0,0,0,0,0,0,0,0,0.71,1,1,1,1,1,1,1,1,1,1,1,1,1,1,1,1,1,1,1,1,1,1,1,1,1,1,1,1,1,1,1,1,1,1,1,1,1,1,1,1,1,1,1
"2P9ZYA4vBoBBr56hrEFTmrd5ctuz3r7wtvRYmbgk6jRL",0,0,0,0,0,0,0,0,0,0,0,0,0,0,0,0,0,0,0,0,0,0,0,0,0,0,0,0,0,0,0,0,0,0,0,0,0,0,0,0,0,0,0,0,0,0,0,0,0,0,0.38,1,1,1,1,1,1,1,1,1,1,1,1,1,1,1,1
"2UBhtRuyr9nvWsUnrbWrvJiYWEU8TVBD4PLYQJKiRa9H",1,1,1,1,1,1,1,1,1,1,0.5,0,0,0,0,0,0,0,0,0,0,0,0,0,0,0,0.38,1,1,1,1,1,1,1,1,1,1,1,1,1,0.75,1,1,1,1,1,1,1,1,1,1,1,1,1,1,1,1,1,1,1,1,1,1,1,1,1,0.67
"2Ue9zGmDnvYRrJNEjuAdNkbbickw6fKWtbeNM7T2rakg",1,1,1,1,1,1,1,1,1,1,1,1,1,1,1,1,1,1,1,1,1,1,1,1,1,1,1,1,1,1,1,1,1,1,1,1,1,1,1,1,1,1,1,1,1,0.96,1,1,1,1,1,1,1,1,1,1,1,1,1,1,1,1,1,1,1,1,1
"2XmhZKHmfjku3T3nC9xKhgr5bm1CAmWXqNsNt49mo82C",0,0,0,0,0,0,0,0,0,0,0,0,0,0,0,0,0,0,0,0,0,0,0,0,0,0,0,0,0,0,0,0,0,0,0,0,0,0,0,0,0,0,0,0,0,0,0,0,0,0,0,0,0,0,0,0,0,0,0,0,0.12,1,1,1,1,1,1
"2gDeeRa3mwPPtw1CMWPkEhRWo9v5izNBBfEXanr8uibX",0,0,0,0,0,0,0,0,0,0,0,0,0,0,0,0,0,0,0,0,0,0,0,0,0,0,0,0,0,0,0,0,0,0,0,0,0,0,0,0,0,0,0,0,0,0,0,0,0,0,0.25,1,1,1,1,1,1,1,1,1,1,1,1,1,1,0.96,1
"2iXZmNQmmgE5ZeTQ1GMhhYGDqDr2BiqdEu3DbGJDo8MA",0,0,0,0,0,0,0,0,0,0,0,0,0,0,0,0,0,0,0.46,1,1,1,1,1,1,1,1,1,1,1,1,1,1,1,1,1,1,1,1,0.92,1,1,1,0.58,1,1,1,0.92,1,1,0.92,1,1,1,1,1,1,1,1,1,1,1,1,1,1,1,1
"2nhGaJvR17TeytzJVajPfABHQcAwinKoCG8F69gRdQot",0,0,0,0,0,0,0,0,0,0,0,0,0,0,0,0,0,0,0,0,0,0,0,0,0,0,0,0,0,0,0,0,0,0,0,0,0,0,0,0,0,0,0,0,0,0,0,0,0,0,0,0.21,1,1,1,1,1,1,1,1,1,1,1,1,1,1,1
"2t53LvZfskcpXkdwLaBnfZLbNgyVHPu2BNFpcRBaEBhM",0,0,0,0,0,0.21,1,1,1,0.67,0,0,0,0,0,0,0,0,0,0,0,0,0,0,0,0,0,0,0,0,0,0,0,0,0,0,0,0,0,0,0,0,0,0,0,0,0,0,0,0,0,0.46,1,1,1,0.71,0,0,0,0.62,1,1,1,1,1,1,1
"2uxEHizFmmnLekKG2LZJwxNabhpymEYfdVCpgDxjt87m",0,0,0,0,0,0,0,0,0,0,0,0,0,0,0,0,0,0,0,0,0,0,0,0,0,0,0,0,0,0.58,1,1,1,1,1,1,1,1,1,1,1,1,1,1,1,1,1,1,1,1,1,1,1,1,1,1,1,1,1,1,1,1,1,1,1,1,1
"2xKovmftuWNTwCWGtw2Cc6aZovgMZyKaoKK68n1ZLmww",0,0,0,0,0,0,0,0,0,0,0,0,0,0,0,0,0,0,0,0,0,0,0,0,0,0,0,0,0,0,0,0,0,0,0,0,0,0,0,0,0,0,0,0,0,0,0,0,0.67,1,0.92,1,1,1,1,1,1,1,1,1,1,1,1,1,0.42,0,0
"2zykwzzo1pd3H2oSj5j5SRLTvmpa9Nr2S2Bh8tTVd5Tq",0,0,0,0,0,0,0,0,0,0,0,0,0,0,0,0,0.33,1,1,1,1,1,1,1,1,1,1,1,1,1,1,1,1,1,1,1,1,1,1,1,0.96,1,1,1,1,1,1,1,1,1,1,1,1,1,1,1,1,1,1,1,1,1,1,1,1,1,1
"3ARtLeVB83RoGAwRot8dh74pc2uqbPi6JwbkwDzqk91m",0,0,0,0,0,0,0,0,0,0,0,0,0,0,0,0,0,0,0,0,0,0,0,0,0,0,0,0,0,0,0,0,0,0,0,0,0,0,0,0,0,0,0,0,0,0,0,0,0.58,1,0.88,1,1,1,1,1,1,1,1,1,1,1,1,1,1,1,1
"3B2mGaZoFwzAnWCoZ4EAKdps4FbYbDKQ48jo8u1XWynU",0,0,0,0,0,0,0,0,0,0,0,0,0,0,0,0,0,0,0,0,0,0,0,0,0,0,0,0,0,0,0,0,0,0,0,0,0,0,0,0.04,0,0,0,0,0,0,0,0,0,0,0,0,0,0,0,0,0,0,0,0,0,0,0,0,0,0,0
"3DaPk6TdeGnEBwTR8fEyZSLkdayk6vZXrqGZhAgYK8BV",0,0,0,0,0,0,0,0,0,0,0,0,0,0,0,0,0,0,0,0,0,0,0,0,0,0,0,0,0,0,0,0,0,0,0,0,0,0,0,0,0,0,0,0,0,0,0,0,0,0,0,0,0,0.25,1,1,1,1,1,1,1,1,1,1,1,1,1
"3Pfubj3ytkRxFAGwFb5vtacuZJUxko5Du39xie9MBXuC",0,0,0,0,0,0,0,0,0,0,0,0,0,0,0,0,0,0,0,0,0,0,0,0,0,0,0,0,0,0,0,0,0,0,0,0,0,0,0,0,0,0,0,0,0,0,0,0,0,0,0.5,0,0,0,0,0,0,0,0,0,0,0,0,0,0.29,1,1
"3RXKQBRv7xKTQeNdLSPhCiD4QcUfxEQ12rtgUkMf5LnS",0,0,0,0,0,0,0,0,0,0,0,0,0.21,1,1,1,1,1,1,1,1,1,1,1,1,1,1,1,1,1,1,1,1,1,1,1,1,1,1,1,1,1,1,1,1,1,1,1,1,1,1,1,1,1,1,1,1,1,1,1,1,1,1,1,1,1,1
"3Uwkpd9ZKxhuTDWKuiFbJee9Z1ZJPxpkin9476Bwc7Ha",0,0,0,0,0,0,0,0,0,0,0,0,0,0,0,0,0,0,0,0,0,0,0,0,0,0,0,0,0,0,0,0,0,0,0,0,0,0,0,0,0,0,0,0,0,0,0,0,0,0,0,0.5,1,1,1,1,1,1,1,1,1,1,1,1,1,1,1
"3ddX9QcC6DjFqPTysrFWtR48v5g3wJjB862sji4s5Tui",0,0,0,0,0,0,0,0,0,0,0,0,0,0,0,0,0,0,0,0,0.58,1,1,1,1,1,1,1,1,1,1,1,1,1,1,1,1,1,0.96,1,0.96,1,1,1,1,1,1,0.92,1,1,0.92,1,1,1,1,1,1,1,1,1,1,1,1,1,1,1,1
"3fHDpgV7GG2fRirqYNFvAUfH5BnbQnRYDqeJBpVFKm8s",0,0,0,0,0,0,0,0,0.46,0.48,1,1,1,1,1,1,1,1,1,1,1,1,1,1,1,1,1,1,1,1,0.58,0,0,0,0,0,0,0,0,0,0,0,0,0,0,0,0,0,0,0,0,0,0,0,0,0,0,0,0,0,0,0,0,0,0,0,0
"3j1dv2SP3xtG5vcqiqTSpc9C3h4wQnnzh3aqBcx6fU7h",0,0,0,0,0,0,0,0,0,0,0,0,0,0,0,0,0,0,0,0,0,0,0,0,0,0,0,0,0,0,0,0,0,0,0.04,1,1,1,1,1,0.96,1,1,1,1,1,1,1,1,1,1,1,1,1,1,1,1,1,1,1,1,1,1,1,1,1,1
"3s97yjq2MhoPVPC3U9VeE3Z5S643Pweovg88ysvrQPw5",0,0.06,1,1,1,1,1,1,1,1,1,1,1,1,1,1,1,1,1,1,1,1,1,1,1,1,1,1,1,1,1,1,1,1,1,1,1,1,1,0.96,1,1,1,1,1,1,1,1,1,1,1,1,1,1,1,1,1,1,1,1,1,1,1,1,1,1,1
"3tm92VTxwyZ5MDhGoYR4tVTkwWYkzfam6hwBjauUACCk",0,0,0,0,0,0,0,0,0,0.95,1,1,1,1,1,1,1,1,1,1,1,1,1,1,1,1,1,1,1,1,1,1,1,1,1,1,1,1,1,1,1,1,1,1,1,1,1,1,1,1,1,1,1,1,1,1,1,1,1,1,1,1,1,1,1,1,1
"3x9nibnhgBHWKMRiGnsXJELRBjviQpKyigfrXtKW27KJ",0,0,0,0,0,0,0,0,0,0,0,0,0,0,0,0,0,0,0,0,0,0,0,0,0,0,0,0,0,0,0,0,0,0,0,0,0,0,0,0,0,0,0,0,0,0,0,0,0,0,0,0,0,0,0,0,0,0,0,0,0,0,0,0,0,0,0.96
"43Am3PKFeo9cACpqYL5Sk95rpVdxLw3Mc22PqRqZXEW2",0,0,0,0,0,0,0,0,0,0,0,0,0,0,0,0,0,0,0,0,0,0,0,0,0,0,0,0,0,0,0,0,0,0,0,0,0,0,0,0,0,0,0,0,0,0,0,0,0,0,0,0,0,0,0,0,0,0,0,0,0.12,1,1,1,1,0.96,1
"44ZDKo96gQR1h2afAA3oXgutUzHcRXH72RYxhtGxzWYk",1,1,1,1,1,1,1,1,1,1,1,1,1,1,1,1,1,1,1,1,1,1,1,1,1,1,1,1,1,1,1,1,1,1,1,1,1,1,1,1,1,1,1,1,1,1,1,1,1,1,1,1,1,1,1,1,1,1,1,1,1,1,1,1,1,1,1
"451X5rboJpJtXK2gj4dLsXv8yCGfujqus2HsYjMkkSpE",0,0,0,0,0,0,0,0,0,0,0,0.58,1,1,1,1,1,1,1,1,1,1,1,1,1,1,0.96,1,1,1,1,1,1,1,1,1,1,1,1,1,1,1,1,0.58,1,1,1,0.92,1,1,0.88,1,1,1,1,1,1,1,1,1,1,1,1,1,1,1,1
"49j9bnkdgVNxLwsZ9h88sPR5MYEmsUyKrrJ6ZW8ijBrb",0,0,0,0,0,0,0,0,0,0,0,0,0,0,0,0,0,0,0,0,0,0,0,0,0,0,0,0,0,0,0,0,0,0,0,0,0,0.08,1,1,1,1,1,1,1,1,1,1,1,1,1,1,1,1,1,1,1,1,1,1,1,1,1,1,1,0.92,0.54
"4CymATQ8a9qJUmCh5ygNFCePNQVgiKGkobvki5i45BiB",0,0,0,0,0,0,0,0,0,0,0,0,0,0,0,0,0,0,0,0,0,0,0,0,0,0,0,0,0,0,0,0,0,0,0,0,0,0,0,0,0,0,0,0,0,0,0,0,0,0,0,0.62,1,1,1,1,1,1,1,1,1,1,1,1,1,1,1
"4FpN4MBzrB8FUyzNKSxxXzSDWqV7o4HotaypJ8tF4tYg",0,0,0,0,0,0,0,0,0,0,0,0,0,0,0,0,0,0,0,0,0,0,0,0,0,0,0,0,0,0,0,0,0,0,0,0,0,0,0,0,0,0,0,0,0,0,0,0,0,0,0,0,0,0,0,0,0,0,0.67,1,1,1,1,1,1,1,1
"4JTfCRjd6SzZdoKqdvStHvaKHBYCe9iENAnG4iDTrGW2",0,0,0,0,0,0,0,0,0,0,0,0.5,1,1,1,1,1,1,1,1,1,1,1,1,1,1,1,1,1,1,1,1,1,1,1,1,1,1,1,0.96,0.96,1,1,1,1,1,1,1,1,1,0.92,1,1,1,1,1,1,1,1,1,1,1,1,0.5,1,1,1
"4RLcStbSkt5S1Xm4mStup6N13PGyAfAWy7Vs5d7yJRnY",0,0,0,0,0,0,0,0,0,0,0,0,0,0,0,0,0,0,0,0,0,0,0,0,0,0,0,0,0,0,0,0,0,0,0,0,0,0,0,0,0,0,0,0,0,0,0,0,0.54,1,0.92,1,1,1,1,1,1,1,1,1,1,1,1,1,1,1,1
"4SgoyAwN26iu9Gpf12Bk1rnzp4G4yDUM3XVv4w7VQcAf",0,0,0,0,0,0.04,1,0.92,0.54,0.81,0.46,0,0,0,0,0,0,0,0,0,0,0,0.12,0.88,1,1,0.79,1,1,1,0.92,1,1,1,1,1,1,0.92,1,1,1,1,1,1,1,1,1,1,1,1,1,1,1,1,1,1,1,1,1,1,1,1,1,1,1,1,1
"4VrjyXQT61WFSjuG3ehgqZUK1jqvYqB46veQbXLotq3n",0,0,0,0,0,0,0,0,0,0,0,0,0,0,0,0,0,0,0,0,0,0,0,0,0,0,0,0,0,0,0,0,0,0,0,0,0,0,0,0,0,0,0,0,0,0,0,0,0,0,0,0,0,0,0,0,0,0,0,0,0,0,0,0.42,1,1,1
"4W3jdXyqhLCjzA3Liu8ZNjViwrc6N9YjSB7obbxfjcKE",0.67,1,1,1,1,1,1,1,1,1,1,1,1,1,1,1,1,1,1,1,1,1,1,1,1,1,1,1,1,1,1,1,1,1,1,1,1,1,1,1,1,1,1,1,1,1,1,1,1,1,1,1,1,1,1,1,1,1,1,1,1,1,1,1,1,1,1
"4XspXDcJy3DWZsVdaXrt8pE1xhcLpXDKkhj9XyjmWWNy",0,0,0,0,0,0,0,0,0,0,0,0,0,0,0,0,0,0,0,0,0,0,0,0,0,0,0,0,0,0,0,0,0,0,0,0,0,0,0,0,0,0,0,0,0,0,0,0,0,0,0,0,0.67,1,1,1,1,1,1,1,1,1,1,1,1,1,1
"4YGgmwyqztpJeAi3pzHQ4Gf9cWrMHCjZaWeWoCK6zz6X",1,1,1,1,1,1,1,1,1,1,1,1,1,1,1,1,1,1,1,1,1,1,1,1,1,1,1,1,1,1,1,1,1,1,1,1,1,1,1,1,1,1,1,0.83,1,1,1,1,1,1,1,1,1,1,1,1,1,1,1,1,1,1,1,1,1,1,1
"4aRPyjsqqFsf5488a9QAaHJLQJMGwoL5P6wRtLmroe2d",0,0,0,0,0,0,0,0,0,0,0,0,0,0,0,0,0,0,0,0,0,0,0,0,0,0,0,0,0,0,0,0,0,0,0,0,0,0,0,0,0,0,0,0,0,0,0,0,0,0,0,0,0,0,0,0,0,0,0.71,1,1,1,1,1,1,1,1
"4b1onMDEasBh4BuPekQWijx3BYR64hAE1z2jJyeZUkck",1,1,1,1,1,1,1,1,1,1,1,1,1,1,1,0.96,1,0.92,1,1,1,1,1,1,1,1,1,1,1,1,1,1,1,1,1,1,1,1,1,1,1,1,1,1,1,1,1,1,1,1,1,1,0.96,1,1,1,1,1,1,1,1,1,1,1,1,1,1
"4guS5XP2wgDWecZGgvN5UQmV8iywTrKGaA7kv9hj3tk7",0,0,0,0,0,0,0,0,0,0,0,0,0,0,0,0,0,0,0,0,0,0,0.08,0.96,1,1,1,1,1,1,1,1,1,1,1,1,1,1,1,1,1,1,1,1,0.96,1,1,1,1,1,1,1,1,1,1,1,1,1,1,1,1,1,1,1,1,1,1
"4k6wgP5WPBKQpsFGtzuXNrjcTE2fKWLj17nDvFeG5zSF",0,0,0,0,0,0,0,0,0,0,0,0,0,0,0,0,0,0,0,0,0,0,0,0,0,0,0,0,0,0,0,0,0,0,0,0,0,0,0,0,0,0,0,0,0,0,0,0,0.96,1,1,1,1,1,1,1,1,0.83,1,1,1,1,1,1,1,1,1
"4mzLWNgBX67zVwTykNnq96Z6KQLc8UyV5Q35EfVCDifC",0,0,0,0,0,0,0,0,0,0,0,0,0,0,0,0,0,0,0,0,0,0,0,0,0,0,0,0,0,0,0,0,0,0,0,0,0,0,0,0,0,0,0,0,0,0,0,0,0,0,0.46,1,1,1,1,1,1,1,1,1,1,1,1,1,1,1,1
"4uH4G6YiD5G8rU3mtPg73C2Uqamrqedy3FboTZcZrh6x",1,1,0.62,0,0,0,0,0,0,0.1,0,0,0,0,0,0,0,0,0.83,1,1,1,1,1,1,0.46,0,0,0,0,0,0,0,0,0,0,0,0.75,0.92,1,1,1,0.83,1,1,1,1,0.71,1,1,1,1,1,1,1,1,1,1,1,1,1,1,1,1,1,1,1
"4vXCtYfPeracuQg3a67Zx4jvtJco6MU3LKip8ax6GkVq",0,0,0,0,0,0,0,0,0,0,0,0,0,0,0,0,0,0,0,0,0,0,0,0,0,0,0,0,0,0,0,0,0,0,0,0,0,0,0,0,0,0,0,0,0,0,0,0,0,0,0,0.62,1,1,1,1,1,1,1,1,1,1,1,1,1,1,1
"5HYjArGt81naevDdwMaEx8yeGNw9jYBSDJa8YavT9Mp4",0,0,0,0,0,0,0,0,0,0,0,0,0,0,0,0,0,0,0,0,0,0,0,0,0,0,0,0,0,0,0,0,0,0,0,0,0,0,0,0,0,0,0,0,0,0,0,0.79,1,1,1,1,1,1,1,1,1,1,1,0.79,1,1,1,1,1,1,1
"5LNEDitSMhApT2uFnmtN7FmjCiGuatpnb2uU4f3shrk",0,0,0,0,0,0,0,0,0,0,0,0,0,0,0,0,0,0,0,0,0,0,0,0,0,0,0,0,0,0,0,0,0,0,0,0,0,0,0,0,0,0,0,0,0,0,0,0,0,0,0,0,0,0,0.12,1,1,1,1,1,1,1,1,1,1,1,1
"5N8rWeZbNWLJDYTohNfpH4JAXiPhnicVYKrucW1shrk",0,0,0,0,0,0,0,0,0,0,0,0,0,0,0,0,0,0,0,0,0,0,0,0,0,0,0,0,0,0,0,0,0,0,0,0,0,0,0,0,0,0,0,0,0,0,0,0,0,0,0,0,0,0,0.12,1,1,1,1,1,1,1,1,1,1,1,1
"5N9r2ne7dPgHtzeHC5ETJ3DAueKQiXSU8KAmEZrrojT7",0,0,0,0,0,0,0,0,0,0,0,0,0,0,0,0,0,0,0,0,0,0,0,0,0,0,0,0,0,0,0,0,0,0,0,0,0,0,0,0,0,0,0,0,0,0,0,0,0,0,0,0,0,0,0,0,0,0,0.04,1,1,1,1,1,1,1,1
"5XKJwdKB2Hs7pkEXzifAysjSk6q7Rt6k5KfHwmAMPtoQ",0,0,0,0,0,0.71,1,1,1,0.81,1,1,1,1,1,1,1,1,1,1,1,1,1,1,1,1,0.96,1,1,1,1,1,1,1,1,1,1,1,1,1,1,1,1,1,1,1,1,1,1,1,1,1,1,1,1,1,1,1,1,1,1,1,1,1,1,1,1
"5aD6KB8g4MPt3xJafmMmun86hHMDnoFiGbd5gYiMFZw7",0,0,0,0,0,0,0,0,0,0,0,0,0,0,0,0,0,0,0,0,0,0,0,0,0,0,0,0,0,0,0,0,0,0,0,0,0,0,0,0,0,0,0,0,0,0,0,0,0.79,1,1,1,1,1,1,1,1,0.62,0.96,1,1,1,1,1,1,1,1
"5ghoFEVrsXeAPB6SUmBpZ2xq3KvHEjNMeSaBnxEBXkHV",0,0,0,0.71,1,1,1,1,1,1,1,1,1,1,1,1,1,1,1,1,1,1,1,1,1,1,1,1,1,1,1,1,1,1,1,1,1,1,0.42,0.33,1,1,1,1,1,1,1,1,1,1,1,1,1,1,1,0.92,1,0.96,0.96,1,1,1,1,1,1,1,1
"5marvipGzf98hxnoJFXsZbGHSXcEQ3yRGJ4ps7D3V4ou",0,0,0,0,0,0,0,0,0,0,0,0,0,0,0,0,0,0,0,0,0,0,0,0,0,0,0,0,0,0,0,0,0,0,0,0,0,0,0,0,0,0,0,0,0,0,0,0,0,0,0,0,0,0,0,0,0,0,0,0,0.75,1,1,1,1,1,1
"5oZ4GSP4waw2fphYoUgdnChN29sH8nRXbBnP5Qa1TnEy",0,0,0,0,0,0,0,0,0,0,0,0,0,0,0,0,0,0,0,0,0,0,0,0.71,1,1,1,1,1,1,1,1,1,1,1,1,1,1,1,1,1,1,0.54,0,0,0,0,0,0,0,0,0,0,0,0,0,0,0,0,0,0,0,0,0,0,0,0
"5t4shVsKnUqgjmhK3fFNsvyju2E6Rd7cc4S5pmqqEVEW",0,0,0,0,0,0,0,0,0,0,0,0,0,0,0,0.17,0.75,1,1,1,1,1,1,1,1,1,1,1,1,1,1,1,1,1,1,1,1,1,1,1,1,1,1,1,1,1,1,1,1,1,1,1,1,1,1,1,1,1,1,1,1,1,1,1,1,1,1
"5ysfTZ42VT1TjnjzQShZSrix7wdVtjXwssocSeYKDs5d",0,0,0,0,0,0,0,0,0,0,0,0,0,0,0,0,0,0,0,0,0,0,0,0,0,0,0,0,0,0,0,0,0,0,0,0,0,0,0,0,0,0,0,0,0,0,1,1,1,1,1,1,1,1,1,1,1,1,1,1,1,1,1,1,1,1,1
"5zm9g3zgAPWzX3wmUB2JtTkcwCqe74NWsTmt5wLFwCKK",0,0,0,0,0,0,0,0,0,0,0,0,0,0,0,0,0,0,0,0,0,0,0,0,0,0,0,0,0,0,0,0,0,0,0,0,0,0,0,0,0,0,0,0,0,0,0,0.42,0.79,1,1,1,0.62,0.96,1,1,1,0.88,1,0.92,1,1,1,1,1,1,1
"5zuNci3TV79w6zLoJZzbZujMvkVZb2FcSPhgv9aT24AK",0,0,0,0,0,0.21,1,1,1,1,1,1,1,1,1,1,0.88,1,1,1,1,1,1,1,1,1,1,1,1,1,1,1,1,1,1,1,1,1,1,1,1,1,1,1,1,1,1,1,1,1,1,1,1,1,1,1,1,1,1,1,1,1,1,1,1,1,1
"6122X5K3mo8QMwXZW6wnP2n1j2wQoa1Ks21Ckwj7L6st",0,0,0,0,0,0,0,0,0,0,0.42,1,1,1,1,1,1,1,0.92,1,1,1,1,1,1,0.5,0,0,0,0,0,0,0,0,0,0,0,0,0,0,0,0,0,0,0,0,0,0,0,0,0,0,0,0,0,0,0,0,0,0,0,0,0,0,0,0,0
"61QB1Evn9E3noQtpJm4auFYyHSXS5FPgqKtPgwJJfEQk",0,0,0,0,0,0,0,0,0,0,0,0,0,0,0,0,0,0,0,0,0,0,0,0,0,0,0,0,0,0,0,0,0,0,0.71,1,1,1,1,1,1,1,1,1,1,0.92,1,1,1,1,1,1,1,1,1,1,1,1,1,1,1,1,1,1,1,1,1
"67joanjyAoVmb9nZLyX8p3Gx9tAxzXaUgHDe3kaUH4wf",0,0,0,0,0,0,0,0,0,0,0,0,0,0,0,0,0,0,0,0,0,0,0,0,0,0,0,0,0,0,0,0,0,0,0,0,0,0,0,0,0,0,0,0,0,0,0,0,0,0,0,0,0,0,0,0,0,0,0,0,0,0,0.25,1,1,1,1
"6LCpzSkg3Ud1SpCnsYtmByWiiW6tcjSPNmJQmFGQcwaL",0,0,0,0,0,0,0,0,0,0,0,0,0,0,0,0,0,0,0,0,0,0,0,0,0,0,0,0,0,0,0,0,0,0,0,0,0,0,0,0,0,0,0,0,0,0,0,0,0,0,0,0,0,0,0,0,0,0,0,0,0.71,1,1,1,1,1,1
"6MiEjXqYksCtKnJpvAp3CAoEZnnWZyoSxu41HCzAYNdc",1,1,1,0.96,0,0,0,0,0,0,0,0,0,0,0,0,0,0,0,0,0,0,0,0,0,0,0,0,0,0,0,0,0,0,0,0,0,0,0,0,0,0,0,0.12,1,1,1,0.79,1,1,1,1,1,0.92,0.96,1,0.12,0,0.04,0.62,1,1,1,1,1,1,0.83
"6NDen7aDi65apHo8m1Vea4nuS6LyjQeM6pDNqcW4Q5Pg",0,0,0,0,0,0,0,0,0,0,0,0,0,0,0,0,0,0,0,0,0,0,0,0,0,0,0,0,0,0,0,0,0,0,0,0,0,0,0,0,0,0,0,0,0,0,0,0.62,1,1,1,1,1,1,1,1,1,1,1,1,1,1,1,1,1,1,1
"6PvHaibtZhuba14dzbhGFJRASYX3Ka2oviRzSbXV2wYC",0,0,0,0,0,0,0,0,0,0,0,0,0,0,0,0,0,0,0,0,0,0,0,0,0,0,0,0,0,0,0,0,0,0,0,0,0,0,0,0,0,0,0,0,0,0,0,0,0,0,0,0,0,0,0,0,0,0,0,0,0,0,0.75,1,1,1,1
"6WgdYhhGE53WrZ7ywJA15hBVkw7CRbQ8yDBBTwmBtAHN",1,1,1,1,1,1,1,1,1,1,1,1,1,1,1,1,0.79,0.54,1,1,1,1,1,1,1,1,1,1,1,1,1,1,1,1,1,1,1,1,1,0.96,1,1,1,1,0.96,1,1,1,1,1,1,1,1,1,1,1,1,1,1,1,0.92,1,1,1,1,0.96,1
"6YDWxPaJWpZxJ6JLGaBeTJaGQn3gi3Pwtivii9cDyDHo",0,0,0,0,0,0,0,0,0,0,0,0,0,0,0,0,0,0,0,0,0,0,0,0,0,0,0,0,0,0,0,0,0,0,0,0,0,0,0,0,0,0,0,0,0,0,0,0,0,0,0,0,0,0,0,0,0,0,0,0,0,0,0,0.33,0.04,0.29,1
"6dtVKjb6vRwNAekki2FXhKv8WTNzQ3xW6HWMCNWqtoDy",0,0,0,0,0,0,0,0,0.54,0.9,1,1,1,1,1,1,1,1,1,1,1,1,1,1,0.96,1,1,1,1,1,1,1,1,1,1,1,1,1,1,1,1,1,1,1,1,1,1,1,1,1,1,1,1,1,1,1,1,1,1,1,1,1,1,1,1,1,1
"6k1YkmTKwPRUhChnxA9ryJmbtuQMbro4xFTL6mL9jycB",0,0,0,0,0,0,0,0,0,0,0,0,0,0,0,0,0,0,0,0,0,0,0,0,0,0,0,0,0,0,0,0,0,0,0,0,0,0,0,0,0,0,0,0,0,0,1,1,1,1,1,1,1,1,1,1,1,1,1,1,1,1,1,1,1,1,1
"6mCzwUFcdTuz6fFJRA8nY1iXNRJqPpXU1PvCfANfVXhh",0,0,0,0,0,0,0,0,0,0,0,0,0,0,0,0,0,0,0,0,0,0,0,0,0,0,0,0,0,0,0,0,0.25,0.83,0,0.21,1,1,1,1,0.96,1,1,1,1,1,1,1,1,1,1,1,1,1,1,1,1,1,1,1,1,1,1,1,1,1,1
"6pVZhUW9AZMMFuNVMUds8useZHB7VFT4vvxuA3B9JgW4",0,0,0,0,0,0,0,0,0,0,0,0.71,1,1,1,1,1,1,1,1,1,1,1,1,1,1,1,0.96,0.96,1,1,1,1,1,1,1,1,1,1,0.96,1,1,1,0.58,1,1,1,1,1,1,0.88,1,1,1,1,1,1,1,1,1,1,1,1,1,1,1,1
"6qwYjs5vCSEKaTMBbHinnW8fvdGj1r8cpzPoAV1EHKsw",0,0,0,0,0,0,0,0,0,0,0,0,0,0,0,0,0,0,0,0,0,0,0,0,0,0,0,0,0,0,0,0,0,0,0.71,1,1,1,1,1,1,1,1,1,0.92,0,0,0.12,1,1,1,1,1,1,1,1,1,1,1,1,1,1,1,1,0.96,1,1
"6xFDLX751L7H9d5fQT9sf2SM5RWWE9LDgqz25pPDbWoJ",0,0,0,0,0.33,1,1,1,1,1,1,1,1,1,1,1,1,1,1,1,1,1,1,1,1,1,1,1,1,1,1,1,1,1,1,1,1,1,1,1,1,1,1,1,1,1,1,1,1,1,1,1,1,1,1,1,1,1,1,1,1,1,1,1,1,1,1
"6xUK9Nbonr4eoJNtHGoUEMmYKoPz5mipKzyDBv6deX4d",0,0,0,0,0,0,0,0,0,0,0,0,0,0,0,0,0,0,0,0,0,0,0,0.12,1,1,1,1,1,1,1,1,1,1,1,1,1,1,1,1,1,1,1,1,1,1,1,1,1,1,1,1,1,1,1,1,1,1,1,1,1,1,1,1,1,1,1
"73hojLdq1vZDSxeVQEqVFJ4iwLngdvEJPEpEHkSdv6BZ",0,0,0,0,0,0,0,0,0,0,0,0,0,0,0,0,0,0,0,0,0,0,0,0,0,0,0,0,0,0,0,0,0,0,0,0,0,0,0,0,0,0,0,0,0,0.33,1,1,1,1,1,1,1,1,1,1,1,1,1,1,1,1,1,0.96,1,1,0.96
"7Hp1e6BrTBkbBN4wFiNmycPVPsjvyUUBL2tGhYEMT6gt",0,0,0,0,0,0,0,0,0,0,0,0,0,0,0,0,0,0,0,0,0.17,1,1,1,1,1,1,1,0.67,1,1,1,1,1,1,1,1,1,1,1,1,1,1,0.96,1,1,1,1,1,1,1,0,0,0,0,0,0,0,0,0,0,0,0,0,0,0,0
"7MTjmteQHhthwwTZhUzsc2dP4NBvGNRqj8jzdqNxHFGE",0,0,0,0,0,0,0,0,0,0,0,0,0,0,0,0,0,0,0,0,0,1,1,0.92,0.17,0.96,0.88,1,1,1,1,1,0.83,1,1,0.96,1,1,0.96,1,1,1,1,1,0.96,1,1,1,1,1,1,1,0.96,1,1,1,0.96,1,0.96,1,1,1,1,1,1,1,1
"7Nn8qBJey7vXtVFMNBbbuN8UkujU8Y6nWzbHVGuf49yV",1,1,1,0.88,1,1,1,1,1,1,1,1,1,1,1,1,1,1,1,1,1,1,1,1,1,1,1,1,1,1,1,1,1,1,1,1,1,1,0.79,1,1,1,1,1,1,1,1,1,1,1,1,1,1,1,1,1,1,1,1,1,1,1,1,1,1,1,1
"7Nu9ckgtjobZ3MkbadGFKEvRymYuah9HmcxiUJKMM9NB",0,0,0,0,0,0,0,0,0,0,0,0.96,1,1,1,1,1,1,1,1,1,1,1,1,1,1,1,1,1,1,1,1,1,1,1,1,1,1,1,1,1,1,1,1,1,1,1,1,1,1,1,1,1,1,1,1,1,1,1,1,1,1,1,1,1,1,1
"7PpXQgDb9eCHN1Uudgi77Wm89cRz4T85YgDw83qvaJXd",0,0,0,0,0,0,0,0,0,0,0,0,0,0,0,0,0,0,0,0,0,0,0,0,0,0,0,0,0,0,0,0,0,0,0,0,0,0,0,0.29,0.92,1,1,1,1,1,1,1,1,1,1,1,1,1,1,1,1,1,1,1,1,1,1,1,1,1,1
"7VZM7YHcX73TpGoXDeBu61g4QKC86GwAEnew8dA7Y2xn",0,0,0,0,0,0,0,0,0,0,0,0,0,0,0,0,0,0.5,1,1,1,1,1,1,1,1,1,1,1,1,1,1,1,1,1,1,1,1,1,1,1,1,1,1,1,1,1,1,1,1,1,0.33,1,1,1,1,1,1,1,1,1,1,1,1,1,1,1
"7ZjHeeYEesmBs4N6aDvCQimKdtJX2bs5boXpJmpG2bZJ",1,1,1,1,1,1,1,1,1,1,1,1,1,1,1,1,1,1,1,1,1,1,1,1,1,1,1,1,1,1,1,1,1,1,1,1,1,1,1,1,1,1,1,1,1,1,1,1,1,1,1,0,0,0,0,0,0,0,0,0,0,0,0,0,0,0,0
"7hMD4oMmGT4GsS4DfBKzJ75wSjDhgu2pvcazbvoKPrNs",0,0,0,0,0,0,0,0,0,0,0,0,0,0,0,0,0,0,0,0,0,0,0,0,0,0,0,0,0,0,0,0.71,1,1,1,1,1,1,1,1,1,1,1,0.58,1,1,1,1,1,1,0.92,1,1,1,1,1,1,1,1,1,1,1,1,1,1,1,1
"7nzTzRZzezmugqE5ZjHRMxarhXunpwZ2PUdjV7uYzt7A",0,0,0,0,0,0,0,0,0,0,0,0,0,0,0,0,0,0,0,0,0,0,0,0,0,0,0,0,0,0,0,0,0,0,0,0,0,0,0,0,0,0,0,0,0,0,0,0,0,0,0,0,0,0.54,1,1,1,1,1,1,1,1,1,1,1,0.42,0.46
"82vucuWCTTQEz6nYe3VetnL3pJYBrfDF2gDAjec9sPUy",1,1,1,1,1,1,1,1,1,1,0.96,0.96,1,1,1,1,1,1,1,1,1,1,1,1,1,1,1,1,1,1,1,1,1,1,1,1,1,1,1,1,1,1,1,1,1,1,1,1,1,1,1,0,0,0,0,0,0,0,0,0,0,0,0,0,0,0,0
"88K3vd8E7f2jXBwfNspzAYXKZuS7erF1w2wk3qcHTSfh",0,0,0,0,0,0,0,0,0,0,0,0,0,0,0,0,0,0,0,0,0,0,0,0,0,0,0,0,0,0,0,0,0,0,0,0,0,0,0,0,0,0,0,0,0,0,0,0,0.54,1,0.92,1,1,1,1,1,1,1,1,1,1,1,1,1,1,1,1
"8GLRbAstsabZuZUx73AoyfGi1FRCWSUhRgMugFyofEz7",0,0,0,0,0,0,0,0,0,0,0,0,0,0,0,0,0,0,0,0,0,0,0,0,0,0,0,0,0,0,0,0,0.29,1,1,1,1,1,1,0.96,1,1,1,1,1,1,1,1,1,1,1,1,1,1,1,1,1,1,1,1,1,1,1,1,1,1,1
"8Nvaxzif1NrdvxNkRetjT8xJvd33EHkKVrfL8EDkgaNy",0,0,0,0,0,0,0,0,0,0,0,0,0,0,0,0,0,0,0,0,0,0,0,0,0.42,0,0,0,0,0,0,0,0,0,0,0,0,0,0,0,0,0,0,0.46,1,1,1,0.96,1,1,1,1,1,1,1,1,1,1,0.25,0.79,1,1,1,1,1,1,1
"8Q7K2irCbYfEG5ZWyBceiytbL1u977gXqw7UaHZ55Awo",0,0,0,0,0,0,0.17,1,1,0.86,1,1,1,1,1,1,1,1,1,1,1,1,1,1,1,1,1,1,1,1,1,1,1,1,1,1,1,0.92,1,1,1,1,1,1,1,1,1,1,1,1,1,1,1,1,1,1,1,1,1,0.96,1,1,0.96,1,0.5,0,0
"8RXYL85eGMyuUcBCMHt5owGvasySS4FYbmKTx4CqFkpe",0,0,0,0,0,0,0,0,0,0,0,0,0,0,0,0,0,0,0,0,0,0,0,0,0,0,0,0,0,0,0,0,0,0.58,1,1,1,1,0.96,1,1,1,1,1,1,1,1,1,1,1,0.92,1,1,1,1,1,1,1,1,1,1,1,1,1,1,1,1
"8S1VXBgZvCsjgnRAMvxknx5BKT7APb8rFhyRVeeTx1SS",0,0,0,0,0,0,0,0,0,0,0,0,0,0,0,0,0,0,0,0,0,0,0,0,0,0,0,0,0,0,0,0,0,0,0,0,0,0,0,0,0,0,0,0,0,0,0,0,0,0,0,0,0,0,0,0,0,0,0,0,0.67,1,1,1,1,1,1
"8T8AJfUCXwPFwEMmjca8gCRSktPrqbUBVa6ggNyhLhFJ",0,0,0,0,0,0,0,0,0,0,0,0,0,0,0,0,0,0,0,0,0,0,0,0,0,0,0,0,0,0,0,0,0,0,0,0,0,0,0,0,0,0,0,0,0.62,1,1,0.96,1,1,1,1,1,1,1,1,1,1,1,1,1,1,1,1,1,1,1
"8Zh5A5Hs6bJFAyWrLGMaF2VEUVbXFANtfuw7824Hd5XV",1,1,1,1,0.92,1,1,1,1,1,1,1,1,1,1,1,1,1,1,1,1,1,1,1,1,1,1,1,1,1,1,1,1,1,1,1,1,1,1,1,0.96,1,1,1,1,1,1,1,1,1,1,1,1,1,1,1,1,1,1,1,1,1,1,1,1,1,1
"8aPHvzVV91jZF948tykkoF6WfgLHppNfG8Z3V4gCrDix",1,1,1,1,1,1,1,1,1,0.9,1,1,1,1,1,1,1,1,1,1,1,1,1,1,0.67,0,0,0,0,0,0,0,0,0,0,0,0,0,0,0,0,0,0,0,0,0.46,1,1,1,1,1,1,1,1,1,1,1,1,1,1,1,1,1,1,1,1,0.92
"8augxYLUge2iWmitQMwbcBL5VQEpsM6aJdRofhwpnzyw",0,0,0,0,0,0,0,0,0,0,0,0,0,0,0,0,0,0,0,0,0,0,0,0,0,0,0,0,0,0,0,0,0,0,0,0,0,0,0,0,0,0,0,0,0,0,0,0,0,0,0,0,0,0,0,0,0,0,0,0,0,0,0,0,0.17,1,1
"8hAYbagNt7CMBooFfqVJhBgLqLffpjXTWJMk8yybjJsN",0,0,0,0,0,0,0,0,0,0,0,0,0,0,0,0,0,0,0,0,0,0,0,0,0,0,0,0,0,0,0,0,0,0,0,0,0,0,0,0,0,0,0,0,0,0,0,0.42,0.58,1,1,1,1,0.88,1,1,1,1,1,1,1,1,1,1,1,1,1
"8n9KRHDRDuZErZwdwzhtsTFJxmHqgCQ4ddZcdk6GMzvQ",0,0,0,0,0,0,0,0,0,0,0,0,0,0,0,0,0,0,0,0,0,0,0,0,0,0,0,0,0,0,0,0,0,0,0,0,0.58,1,1,1,1,1,1,1,1,1,1,1,1,1,1,1,1,1,1,1,1,1,1,1,1,1,1,1,1,1,1
"8rWDbEsuz4UWF2ZXiHhMECPkTZm51YrRaQSoSz8RPz2H",0,0,0,0,0,0,0,0,0,0,0,0,0,0,0,0,0,0,0,0.42,1,1,1,1,1,1,1,1,1,1,1,1,1,1,1,1,1,1,1,0.96,1,1,1,0.62,1,1,1,0.92,1,1,1,1,1,1,1,1,1,1,1,1,1,1,1,1,0.33,0,0
"8uPW9msN75rfaKiwy8y8NxEX5zSk2WejtVv5YhZr3jCo",0,0,0,0,0,0,0,0,0,0,0,0,0,0,0,0,0,0,0,0,0,0,0,0,0,0,0,0,0,0,0,0,0,0,0,0,0,0,0.83,1,1,0.96,1,1,0.25,1,1,1,1,1,1,1,1,1,1,1,1,1,1,1,1,1,1,1,1,1,1
"8vk6QpG93JSaQCSgnycBsv5qmfQBk4qC9FjNA35E5JhU",0,0,0,0,0,0,0,0,0,0.33,0.71,1,1,1,1,1,1,1,0.54,0,0,0,0,0,0,0,0,0,0,0,0,0.29,1,0.96,1,1,1,1,1,1,1,1,1,1,1,1,1,1,1,1,1,1,1,1,1,1,1,1,1,1,1,1,1,1,1,1,1
"8yjHdsCgx3bp2zEwGiWSMgwpFaCSzfYAHT1vk7KJBqhN",0,0,0,0,0,0,0,0,0,0,0,0,0,0,0,0,0,0,0,0,0,0,0,0,0,0,0,0,0,0,0,0,0,0,0,0,0,0,0,0,0,0,0,0,0,0,0,0,0,0,0,0,0,0,0,0,0,0,0,0,0,0,0,0,0,0,0.92
"91oPXTs2oq8VvJpQ5TnvXakFGnnJSpEB6HFWDtSctwMt",0,0,0,0,0,0,0,0,0,0,0,0,0,0,0,0,0,0,0,0,0,0,0,0,0,0,0,0,0,0,0,0,0,0,0,0,0,0,0,0,0,0,0,0,0,0,0,0,0,0,0,0.25,1,1,1,1,1,0.79,0,0,0.71,1,1,1,1,1,1
"93fX4gLgnUkcf3vmGBzuNKEt4em2tHxgmVcbq9vNq4jE",0,0,0,0,0,0,0,0,0,0,0,0,0,0,0,0,0,0,0,0,0,0,0,0,0,0,0,0,0,0,0,0,0,0,0,0,0,0,0,0,0,0,0,0,0,0,0,0,0,0,0,0,0,0,0,0,0,0,0,0,0.67,1,1,1,1,1,1
"95A3UmKrAmTuNJkjipBULk5wHopiFvLWfxTKmhR6AzQc",0,0,0,0,0,0,0,0,0,0,0,0,0,0,0,0,0,0,0,0,0,0,0,0.71,1,1,1,1,1,1,1,1,1,1,1,1,1,1,1,1,1,1,1,1,1,1,1,1,1,1,1,1,1,1,1,1,1,1,1,1,1,1,1,1,0.96,1,1
"97jbhVBYcSmwGXjrx5PPWXucDsVBqwyoQ6rzP3B6eeMt",0,0,0,0,0,0,0,0,0,0,0,0,0,0,0,0,0,0,0,0,0,0,0,0,0,0,0,0,0,0,0,0,0,0,0,0,0,0,0.96,1,1,1,1,1,1,1,1,1,1,1,1,1,1,1,1,1,1,1,1,1,1,1,1,1,1,1,1
"9FXD1NXrK6xFU8i4gLAgjj2iMEWTqJhSuQN8tQuDfm2e",0,0,0,0,0,0,0,0,0,0,0,0,0,0,0,0,0,0,0,0,0,0,0,0,0,0,0,0,0,0.5,1,1,1,1,1,1,1,1,1,1,1,1,1,0.96,1,1,1,1,1,1,1,1,1,1,1,1,1,1,1,1,1,1,1,1,1,1,1
"9JdZLEKhA7k6SxRQ4cJT2Zh5JhRUBJGXcjTNwMtTwSiz",0,0,0,0,0,0,0,0,0,0,0,0,0,0,0,0,0,0,0,0,0,0,0,0,0,0,0,0,0,0,0,0,0,0,0,0,0,0,0,0,0,0,0,0,0,0,0,0,0,0,0,0,0,0,0,0,0,0,0,0,0.75,1,1,1,1,1,1
"9QA1fzbAKJicmRoFa9wFnYYx2PGYn97s8Nh6VojBMvCi",0,0,0,0,0,0,0,0,0,0,0,0,0,0,0,0,0,0,0,0,0,0,0,0,0,0,0,0,0,0,0,0,0,0,0,0,0,0,0,0,0,0,0,0,0,0,0,0,0,0,0,0,0.54,1,1,1,1,1,1,1,1,1,1,1,1,1,1
"9T6SNsBimjCRJpkEjiVsc8AcxTBa1XVA7RjnBGGfWP23",0,0,0,0,0,0,0,0,0,0,0,0,0,0,0,0,0,0,0,0,0,0,0,0,0.54,1,0.96,1,1,1,1,1,1,1,1,0.96,1,1,1,1,1,1,1,1,1,1,1,1,1,1,1,0.96,1,1,1,1,1,1,1,1,1,1,1,1,1,1,1
"9Wmaz9VPpEnH67ZqrvYd9bcH66DtsGaEKcSQE1ac5wkf",0,0,0,0,0,0,0,0,0,0,0,0,0,0,0,0,0,0,0,0,0,0,0,0,0,0,0,0,0,0,0.67,1,1,1,1,1,1,1,1,0.96,1,1,1,0.46,0,0,0.46,1,1,1,0.92,1,1,1,1,1,1,1,1,1,1,1,1,1,1,1,1
"9dH6wfdJVgnDcbCUjT8rkmejAzTnGQaFarmLfvBYXANK",0,0,0,0,0,0,0,0,0,0,0,0,0,0,0,0,0,0,0,0,0,0,0,0,0,0,0,0,0,0,0,0,0,0,0,0,0,0.08,1,0.79,0.88,0.79,0.88,1,1,1,1,1,1,1,1,1,1,1,1,1,1,1,1,1,1,1,1,1,1,1,1
"9gFxqsXbFyrKXUkqpAatonn47uYZ7sEZSnMxhzQoXrUJ",0,0,0,0,0,0,0,0,0,0,0,0,0,0,0,0,0,0,0,0,0,0,0,0,0,0,0,0,0,0,0,0,0,0,0,0,0,0,0,0,0,0,0,0,0,0,0,0,0,0.42,1,1,1,1,1,1,1,1,1,1,1,0.92,1,1,1,1,1
"9maF99FLLAMh5v5JKG1ZyRZVBVsT5VkZnAJzDvduCpJa",0,0,0,0,0,0,0,0,0,0,0,0,0,0,0,0,0,0,0,0.25,1,1,1,1,1,1,1,1,1,1,1,1,1,1,1,1,1,1,1,0.79,0,0,0,0,0,0.29,1,1,1,1,1,1,1,1,1,1,1,1,1,1,1,1,1,1,1,1,1
"9q16BB7WGmBxf1nJTdxH5zPnBUhtHqdqXqRFjSjuM4k7",0,0,0,0,0,0,0.29,1,1,1,1,1,1,1,1,1,1,1,1,1,1,1,1,1,1,1,1,1,1,1,1,1,1,1,1,1,1,1,1,1,1,1,1,1,1,1,1,1,1,1,1,1,1,1,1,1,1,1,1,1,1,1,1,1,1,1,1
"9r2CsyjRTmTRtu8GFk5oJRSQr5YfSENxDkf3eox8iPLa",0,0,0,0,0,0,0,0,0,0,0,0,0,0,0,0,0,0,0,0.25,1,1,1,1,1,1,1,1,1,1,1,1,1,1,1,1,1,1,1,1,1,1,1,1,1,1,1,1,1,1,1,1,1,1,1,1,1,1,1,1,1,1,1,1,1,1,1
"A79u1awz7CqnxmNYEVtzWwSzup3eKPNW6w2Jrd56oZ3y",1,1,1,1,1,1,1,1,1,1,1,1,1,1,1,1,1,1,1,1,1,1,1,1,1,1,1,1,1,1,1,1,1,1,1,1,1,1,1,1,1,1,1,1,1,1,1,1,1,1,1,1,1,1,1,1,1,1,1,1,1,1,1,1,1,1,1
"A963nwma1r6tr6VgASiHgj9VKmvXvbFeZHoMW6XT1aiQ",0,0,0,0,0,0,0,0,0,0,0,0,0,0,0,0,0,0,0,0,0,0,0,0,0,0.25,1,1,1,1,1,1,1,1,1,1,1,1,1,1,1,1,1,1,0.83,0.75,1,1,1,1,1,0,0,0,0,0,0,0,0,0,0,0,0,0,0,0,0
"AB821LfpFBwedJEfoNFZRsiPvcSxXPBNMgjyGC7RuNfS",0,0,0,0,0,0,0,0,0,0,0.46,1,1,1,1,1,1,1,1,1,1,1,1,1,1,1,1,1,0.96,1,1,1,1,1,1,1,1,1,1,1,1,1,1,1,1,1,1,1,1,1,0.92,1,1,1,1,1,1,1,1,1,1,1,1,1,1,1,1
"ABREU5YkQcfpDZymoQ97iGUgQcfgjctWUUxEMfumiPdV",0,0,0,0,0,0,0,0,0,0,0,0,0,0,0,0,0,0,0,0,0,0,0,0,0,0,0,0,0,0,0,0,0,0,0,0,0,0,0,0,0,0,0,0,0,0,0,0,0,0,0,0,0,0,0,0,0,0,0,0,0,0,0.46,1,1,1,1
"ADjyeNzWd8yhEjCVyAqT87eqoyGRbimERQsNhFQcXjop",0,0,0,0,0,0,0,0,0,0,0,0,0.25,1,1,1,1,1,1,1,1,1,1,1,1,1,1,1,1,1,1,1,1,1,1,1,1,0.96,0,0,0.25,1,1,1,1,1,0.96,1,1,1,1,1,1,1,1,1,1,1,1,1,1,1,1,1,0.96,1,1
"ALp2GdA1eJV8vZHMHazCtTxNXe3BLUSco9LDASgjDs8R",0,0,0,0,0,0,0,0,0,0,0,0,0,0,0,0,0,0,0,0,0,0,0,0,0,0,0,0,0,0,0,0,0,0,0,0,0,0,0,0,0,0,0,0,0,0,0,0,0,0,0,0,0,0,0,0,0,0,0,0,0.17,1,1,1,1,1,1
"ALxZnHDetfXHaTZWB7Xwn2WHpbvNPYz5b4zLRsfFvpUb",1,1,1,1,0.96,1,1,1,1,1,1,1,1,1,1,1,1,1,1,0.96,1,1,0.71,0,0,0,0,0,0,0,0,0,0,0,0,0,0,0,0,0,0,0,0,0,0,0,0,0,0,0,0,0,0,0,0,0,0,0,0,0,0,0,0,0,0,0,0
"ASTERhckBQwAM82EQm2S2ivVcQ9mHQHZQs5u4BHMv6JH",0,0,0,0,0,0,0,0,0,0,0,0,0,0,0,0,0,0,0,0,0,0,0,0.71,1,1,1,1,1,1,1,1,1,1,1,1,1,1,1,1,1,1,1,1,1,1,1,1,1,1,1,1,1,1,1,1,1,1,1,1,1,1,1,0.96,1,1,1
"AWqkGtq9rgpMDc7pTKe62aJuaX8ZvrnZxCpr8nfpDSCK",0,0,0,0,0,0,0,0,0,0,0,0,0,0,0,0,0,0,0,0,0,0,0,0,0,0,0,0,0,0,0,0,0,0,0,0,0,0,0,0,0,0,0,0,0,0,0,0,0,0,0,0.54,1,1,1,1,1,1,1,1,1,1,1,1,1,1,1
"AdSHK6vpQnwHRSw7jXUwjMEytmhFwnynZSENhvpAxL1y",0,0,0,0,0,0,0,0,0,0,0,0,0,0,0,0,0,0,0,0,0,0,0,0,0,0,0,0,0,0,0,0,0,0,0,0,0,0,0,0,0,0,0,0,0,0,0,0,0,0,0,0,0,0,0,0,0,0,0,0,0,0,0,0,0,0.33,1
"AfZTWYoFQbzqCMmUBTD7XwxFvjob1FVyCvkaXRryxtKc",1,1,1,1,1,1,1,1,1,1,1,1,1,1,1,1,1,1,1,1,1,1,1,1,1,1,1,1,1,1,1,1,1,1,1,1,1,1,1,1,1,1,1,1,0.96,0.88,1,1,1,1,1,1,1,1,1,1,1,1,1,1,1,1,0.96,1,1,1,1
"Aho3hF8mqLmadyJdUFpoGidyo3fYAt3ALm2QpAo8wMX",0,0,0,0,0,0,0,0,0,0,0,0,0,0,0,0,0,0,0,0,0,0,0,0,0,0,0,0,0,0,0,0,0,0,0,0,0,0,0,0,0,0,0,0,0,0,0,0,0.67,1,0.92,1,1,1,1,1,1,1,1,1,1,1,1,1,1,1,1
"AhyLPwqeE8zg7fyFjuufH8k7Kq4kNS2eARRq5EKNGRcT",0,0,0,0,0,0,0,0,0,0,0,0,0,0,0,0,0,0,0,0,0,0,0,0,0,0,0,0,0,0,0,0,0,0,0,0,0,0,0,0,0,0,0,0,0,0,0.75,1,1,1,0.92,1,1,1,1,1,1,1,1,1,1,1,1,1,1,1,1
"AjGby82yXeYgj3kmng9y3c4nQpZFmiPpJKecLJTHbfbP",0,0,0,0,0,0,0,0,0,0,0,0,0,0,0,0,0,0,0,0,0,0,0,0,0,0,0,0,0,0,0,0,0,0,0,0,0,0,0,0,0,0,0,0,0,0,0,0,0,0.04,1,1,1,1,1,1,1,1,1,1,1,1,1,1,1,1,1
"ArMBx6veRq33ffEP9sxHafiPRgrtzww4XvbwZbSMfXiM",0,0,0,0,0,0,0,0,0,0,0,0,0,0,0,0,0,0,0,0,0.25,1,1,1,1,1,1,1,1,1,1,1,1,1,1,1,1,1,1,0.96,1,1,1,1,1,1,1,1,1,1,1,1,1,1,1,1,1,1,1,1,1,1,1,1,1,1,1
"AsMpvJ3DZ2Ydu1WTRMAyMH4QjSLiUG39rKzfzvtE1bWr",0,0,0,0,0,0,0,0,0,0,0,0,0,0,0,0,0,0,0,0,0.38,1,1,1,1,1,1,1,1,1,1,1,1,1,1,1,1,1,1,1,0.92,1,1,1,0.96,1,1,1,1,1,1,1,1,1,1,1,1,1,1,1,1,1,1,1,1,1,1
"Asugaagtr1sPMXrspRyNzHEGExdAwWafL7QSHjPyMFJU",0,0,1,1,1,1,1,1,1,1,1,1,1,1,1,1,1,1,1,1,1,1,1,1,1,1,1,1,1,1,0.58,0,0,0,0,0,0,0,0,0,0,0,0,0,0,0,0,0,0,0,0,0,0,0,0,0,0,0,0,0,0,0,0,0,0,0,0
"Av8EnYrPBnSJHK5e2wmTdnCpSy7nzmBgyFaUKSyLnBfe",0,0,0,0,0,0,0,0,0,0,0,0,0,0,0,0,0,0,0,0,0,0,0,0,0,0,0,0,0,0,0,0,0,0,0,0,0,0,0,0,0,0,0,0,0,0,0,0,0,0,0.54,1,1,1,1,1,1,1,1,1,1,1,1,1,1,1,1
"Awes4Tr6TX8JDzEhCZY2QVNimT6iD1zWHzf1vNyGvpLM",1,1,1,1,1,1,1,1,1,1,1,1,1,1,1,1,1,1,1,1,1,1,1,1,1,1,1,1,1,0.67,1,1,1,1,1,1,1,1,1,1,1,1,1,1,1,1,1,1,1,1,1,1,1,1,1,1,1,1,1,1,1,1,1,1,1,1,0.96
"BANXwrLTkNHL6vTpKhXn86ySjnbwwGyWf9ExGgwZoiSD",0,0,0,0,0,0,0,0,0,0,0,0,0,0,0,0,0,0,0,0,0,0,0,0,0,0,0,0,0,0,0,0,0,0,0,0,0,0,0,0,0,0,0,0,0,0,0,0.96,0.71,1,1,1,1,1,1,1,1,1,1,1,1,1,0.71,1,1,1,1
"BCS95L5JHBWHvWkcEJBEF3BH5QHxKcPeaTgoYmHLvfFh",0,0,0,0,0,0,0,0,0,0,0.62,0.38,0,0,0,0,0,0,0,0,0,0,0,0,0,0,0,0,0,0,0,0,0,0,0,0,0,0,0,0,0,0,0,0,0,0,0,0,0,0,0,0,0,0,0,0,0,0,0,0,0,0,0,0,0,0,0.46
"BCjGyexo1i7qpN9CbJ9Zt8avWr4Lb2JRtcm43sJvsgQK",0,0,0,0,0,0,0,0,0,0,0,0,0,0,0,0,0,0,0,0,0,0,0.08,1,1,1,1,0.58,0.04,1,1,1,1,1,0.33,0,0.17,1,1,0.79,1,1,1,1,1,1,1,1,1,1,0.92,1,1,1,1,1,1,1,0.92,1,1,1,1,1,1,1,1
"BFMufPp4wW276nFzB7FVHgtY8FTahzn53kxxJaNpPGu6",0,0,0,0,0,0,0,0,0,0,0,0,0,0,0,0,0,0,0,0,0,0,0,0,0,0,0,0,0,0.12,1,1,1,1,1,1,1,1,1,1,1,1,1,1,1,1,1,1,1,1,1,1,0.33,0.04,0.67,1,1,1,1,1,1,1,1,1,1,1,1
"BHCsbYTDVd3wiJiEgjtLcxxj75tYPDbNzUehTeBxMzbY",1,1,1,1,1,1,1,1,1,1,1,1,1,1,1,1,1,1,0.75,0,0,0,0,0,0,0,0,0,0,0,0,0,0,0,0,0,0,0,0,0,0,0,0,0,0,0,0,0,0,0,0,0,0,0,0,0,0,0,0,0,0,0,0,0,0,0,0
"BM2vE2QqkB9fGtC34WPtM8drbgta13SBkhRq6dRG9J4J",1,1,1,1,1,0.79,1,1,1,1,1,1,1,1,1,1,1,1,1,1,1,1,1,1,0.96,1,1,1,1,1,1,1,1,1,1,1,1,1,1,1,1,1,1,1,1,1,1,1,1,1,1,1,1,1,1,1,1,1,1,1,1,1,1,1,1,1,1
"BNtHBLo1L2vAG7PBQ6mJvWz7GqVPxBnioXsY2Gjtubrg",1,1,1,1,1,1,1,1,1,1,1,1,1,1,1,1,1,1,1,1,1,1,1,1,1,1,1,1,1,1,1,1,1,1,1,1,1,1,1,1,1,1,1,1,0.67,1,1,1,1,1,1,1,0.96,1,1,1,1,1,1,1,1,1,1,1,1,1,1
"BPKAfGkkzF5u1QRjjB1nWYYbPMUCMPJe1xZPmwEMNMCT",1,1,1,1,1,1,1,1,1,1,1,1,1,1,1,1,1,1,1,0.96,1,1,1,1,1,1,1,1,1,1,1,1,1,1,1,1,1,1,1,1,1,1,1,1,1,1,1,1,1,1,1,1,1,1,1,1,1,0.96,1,1,1,1,1,1,1,1,1
"BR1aTt4ZZUCwWJDkSYf1hqkYJjo7Mb7Ar8iVTkeSwUB8",0,0,0,0,0,0,0,0,0,0,0,0,0,0,0,0,0,0,0,0,0,0,0,0,0,0,0,0,0,0,0,0,0,0,0,0,0,0,0,0,0,0,0,0,0,0,0,0,0,0,0,0,0,0,0,0,0,0,0,0,0,0.33,1,1,1,1,1
"BSMe78Jk1BfeJDdHQj1aXVjrT2aMAYidyNAGQsTshrk",0,0,0,0,0,0,0,0,0,0,0,0,0,0,0,0,0,0,0,0,0,0,0,0,0,0,0,0,0,0,0,0,0,0,0,0,0,0,0,0,0,0,0,0,0,0,0,0,0,0,0,0,0,0,0.12,1,1,1,1,1,1,1,1,1,1,1,1
"BSNJGveGPVYzdt2bhTh3YfqbzWPH5Sq38zT1Br88Pn1N",0,0,0,0,0,0,0,0,0,0,0,0,0,0,0,0,0,0,0,0,0,0,0,0,0,0,0,0,0,0,0,0,0,0.46,1,1,1,1,0.96,1,1,1,1,1,1,1,1,1,1,1,0.92,1,1,1,1,1,1,1,1,1,1,1,1,1,1,1,1
"BUv44cVtsdvU9z2BfFGk6s5JZZWrmVnq5qCaii5ARyyB",0,0,0,0,0,0,0,0,0,0,0,0,0,0,0,0,0,0,0,0,0,0,0,0,0,0,0.46,1,1,0.96,0.96,1,1,1,1,1,1,1,1,1,1,1,1,1,1,1,1,1,1,1,1,1,1,1,0.5,0,0,0,0,0,0,0,0,0,0,0,0
"BXoNGzhaW2R71avxDbMofBTnqH9FMsQmXVAXR1Xshrk",0,0,0,0,0,0,0,0,0,0,0,0,0,0,0,0,0,0,0,0,0,0,0,0,0,0,0,0,0,0,0,0,0,0,0,0,0,0,0,0,0,0,0,0,0,0,0,0,0,0,0,0,0,0,0.12,1,1,1,1,1,1,1,1,1,1,1,1
"BeRtYZnaaZLFwYQRPaZcxuuHBmyFBSGP32C8Ls5xnrZP",0,0,0,0,0.83,1,1,1,1,1,1,1,1,1,1,1,1,1,1,1,1,1,0.96,0.88,1,1,0.92,0.92,1,1,1,1,1,1,1,1,1,0.83,1,1,1,1,1,1,1,0.88,1,1,1,1,1,1,1,1,1,1,1,1,1,1,1,1,1,1,1,1,1
"BeaCHioStqCEFDFxKwAEzyrUPYxqnBPhJ98gDKeEiTPb",0,0,0,0,0,0,0,0,0,0,0,0,0,0,0,0,0,0,0.04,0.42,1,1,1,1,1,1,1,1,1,1,1,1,1,0.5,0,0,0,0,0,0,0,0,0,0,0,0.33,1,1,1,1,1,1,1,1,1,1,1,1,1,1,1,1,1,1,1,1,1
"BiU1DNow77wGwSXW1bLmkcQe2cuySpkbz7xtbitD9Fmk",0,0,0,0,0,0,0,0,0,0,0,0,0,0,0,0,0,0,0,0,0,0,0,0,0,0,0,0,0,0,0,0,0,0,0,0,0,0,0,0,0,0,0,0,0,0,0.92,1,1,1,1,1,0.96,1,1,1,1,1,1,1,1,1,1,1,1,1,1
"BoNKmNCGvoHS4CkKvYRnF21iEpUP827pZjhFGdA4t5as",1,1,1,1,1,1,1,1,1,1,1,1,1,1,1,1,1,1,1,1,0.96,1,1,1,1,1,0.96,1,1,1,1,1,1,1,1,1,0.96,0.96,1,1,1,1,1,1,1,1,1,1,1,1,1,1,1,1,1,1,1,1,1,1,1,1,1,1,1,1,1
"Bs19Z9SokV1s46jutN9tqqaCgYf1GsVyyytVfkzwn9qK",0,0,0,0,0,0,0,0,0,0,0,0,0,0,0,0,0,0,0,0,0,0,0,0,0,0,0,0,0,0.12,1,1,1,1,0.96,1,1,1,1,1,1,1,1,1,1,1,1,1,1,1,1,0.96,1,1,1,1,1,1,1,1,0.96,1,1,1,1,1,1
"By8MseMKtZQQaQjMHJiyetmc5AC8RZZv8C2ss33ktrHt",0,0,1,1,1,1,1,1,1,1,1,1,1,1,1,1,1,1,1,1,1,1,1,1,1,1,1,1,1,1,1,1,1,1,1,1,1,1,1,1,1,1,1,1,1,1,1,1,1,1,1,1,1,1,1,1,1,1,1,1,1,1,1,1,1,1,1
"ByszyWdqC3rVMWy8f6jwK5cmwkpwYdwsr7UL58xS5vnm",1,1,1,1,1,1,1,1,1,1,1,1,1,1,1,1,1,1,1,1,1,1,1,1,1,1,1,1,0.5,0,0.25,1,1,1,1,1,0.96,1,1,1,1,1,1,1,1,0.92,1,1,1,1,1,1,0.96,1,1,1,1,1,1,1,1,1,1,1,1,1,1
"C1ocKDYMCm2ooWptMMnpd5VEB2Nx4UMJgRuYofysyzcA",0,0,0,0,0,0,0,0,0,0,0,0,0,0,0,0,0.29,0.92,1,1,1,1,1,1,1,1,0.96,1,1,1,1,1,1,1,1,1,1,1,0.96,1,1,1,1,1,1,1,1,1,1,1,1,1,1,1,1,1,1,1,1,1,1,1,1,1,1,1,1
"C4bgengueVA9cRcprjutgu9XgvgoaaFnCqvpZaPy27xx",1,1,1,1,1,1,1,1,1,1,1,1,1,1,1,1,1,1,1,1,1,1,1,0.96,1,1,1,1,1,1,1,1,1,1,1,1,1,1,1,1,1,1,1,1,1,1,1,1,1,1,1,0,0.42,1,1,1,1,1,1,1,1,1,1,1,1,1,1
"CARBN9PY1Qej1aCg4885pfoYH8EHfjWuMy59pVa48ky",0,0,0,0,0,0,0,0,0,0,0,0,0,0,0,0,0,0,0,0,0,0,0,0,0,0,0,0,0,0,0,0,0,0,0,0,0,0,0,0,0,0,0,0,0,0,0,0,0,0,0,0,0,0,0,0,0,0,0,0,0,0,0,0,0.46,1,1
"CBUGET5PnvLc3HvEeFYj64iTvdKhYV6pujTPDdDh785K",1,1,1,1,1,1,1,1,1,1,1,1,1,1,1,1,1,1,1,1,1,1,1,1,1,1,1,1,1,1,1,1,1,1,1,1,1,1,1,1,1,1,1,1,1,1,1,1,1,1,1,1,1,1,1,1,1,1,1,1,1,1,1,1,1,1,1
"CHED86J97RCtt8HxhNxvUSQWPqFsiftNpWWQd9HZvqvw",0,0,0,0,0.17,1,1,1,1,1,1,1,1,1,1,0.58,1,1,1,1,1,1,1,1,1,1,1,0.96,0.79,0,0.17,0.04,0.17,0.21,0.04,0,0,0,0,0,0,0,0,0,0,0,0,0,0,0,0,0,0,0,0,0,0,0,0,0,0,0,0,0,0,0,0
"CLsFr1KZVbAyz16iFpwg2e4hiekR1unpwyxfNdjBMaoE",0,0,0,0,0,0,0,0,0,0,0,0,0,0,0,0,0,0,0,0,0,0,0,0,0,0,0,0,0,0,0,0,0,0,0,0,0,0,0,0,0,0,0,0,0,0,0,0.79,1,1,1,1,1,1,1,1,1,1,0.83,1,1,1,1,1,1,1,1
"CNRyYnXZjryxNdSUwztdmVFVuQPXvugQ1d2wtRTjjTb3",0,0,0,0,0.17,1,1,1,1,1,1,1,1,1,1,1,1,1,1,1,1,1,1,1,1,1,1,1,1,1,1,1,1,1,1,1,1,1,1,1,1,1,1,1,1,1,1,1,1,1,1,1,1,1,1,1,1,1,1,1,1,1,1,1,1,1,1
"CTwsruptUccEtZGNxBDbuusHYxkBX3P6ndrxVjSG213y",0,0,0,0,0,0,0,0,0,0,0,0,0,0,0,0,0,0,0,0,0,0,0,0,0,0,0,0,0,0,0,0,0,0,0,0,0,0,0,0,0,0,0,0,0,0,0,0,0,0,0.54,1,1,1,1,1,1,1,1,1,1,1,1,1,1,1,1
"CVgwMrWo9chKEuEPCe6Za9KJe8jamnAcoeWzaMeNubr6",0,0,0,0,0,0,0,0,0,0,0,0,0,0,0,0,0,0,0,0,0,0,0,0,0,0,0,0,0,0,0,0,0,0,0,0,0,0,0,0,0,0,0,0,0,0,0,0,0,0,0,0,0,0,0,0,0,0,0,0,0.42,1,1,1,1,1,1
"CZ2xJQHwiojrAgrR2BUNheuWxXGjSVSZrkcxFcAGoSUH",0,0,0,0,0,0,0,0,0,0,0,0,0.75,1,1,1,1,1,1,1,1,1,1,1,1,1,1,1,1,1,1,1,1,1,1,1,1,1,0.83,1,1,1,1,0.92,1,1,0.96,1,1,1,0.58,0,0,0,0,0,0,0,0,0,0,0,0,0,0,0,0
"CZanBzZHFzrGY5qKzaX3CNhJ5smHEMTWFFnoeUi4J6dr",0,0,0,0,0,0,0,0,0,0,0,0,0,0,0,0,0,0,0,0,0,0,0,0,0,0,0,0,0,0,0,0,0,0,0,0,0,0,1,1,1,1,1,1,1,0.96,1,1,1,1,1,1,1,1,1,1,1,1,1,1,1,1,1,1,1,1,1
"CaveyttUBTKttncu1e4RF814XjuoGfYv8cEsiKGDNCPX",0,0,0,0,0,0,0,0,0,0,0,0,0,0.92,1,1,1,0.46,1,1,1,1,1,1,1,0.96,1,1,1,1,1,1,1,1,1,1,1,0.96,1,1,1,1,1,1,1,1,1,1,1,1,1,0,0,0,0,0,0,0,0,0,0,0,0,0,0,0,0
"Ccw4n1JNzcjdEUTYorfZPATWHfmBKV7BHnJ8YDyzqh5s",0,0,0,0,0,0,0,0,0,0,0,0.79,0.96,1,1,1,1,1,1,1,1,1,1,1,1,1,1,0.96,1,1,1,1,1,1,1,1,1,1,1,1,1,1,1,1,1,1,1,1,1,1,0.92,1,1,1,1,1,1,1,1,1,1,1,1,1,1,1,1
"CeC95ByA5rd3cFELBgK5nx2hB8o7FynrB2ciNNwHYEib",1,1,1,1,1,1,1,1,1,1,1,1,1,1,1,1,1,1,1,1,1,1,1,1,1,1,1,1,1,1,1,1,1,1,1,1,1,1,0.96,1,1,1,1,1,0.92,1,1,1,1,1,1,0.92,1,1,1,0.96,1,1,1,1,1,1,1,1,1,1,1
"Certusm1sa411sMpV9FPqU5dXAYhmmhygvxJ23S6hJ24",0,0,0,0,0,0,0,0,0,0,0,0,0,0,0,0,0,0,0,0,0,0,0,0,0,0,0,0,0,0,0,0,0,0,0,0,0,0.17,1,1,1,1,1,1,1,1,1,1,1,1,1,1,1,1,1,1,1,1,1,1,1,1,1,1,1,1,1
"ChB6C6dmNujAi79XtQLPKLL5SWdNLMShA7KKnrMMFF52",0,0,0,0,0,0,0,0,0,0,0.5,1,1,1,1,1,1,1,1,1,1,1,1,1,1,1,1,1,1,1,1,1,1,1,1,1,1,1,1,0.96,1,1,1,0.58,1,1,1,1,1,1,0.88,1,1,1,1,1,1,1,1,1,1,1,1,1,1,1,1
"CiR8HNCfkjtcongPmP2DRdZPnFgjSbN5gsXdjmsXXHcB",0,0,0,0,0,0,0,0,0,0,0,0,0,0,0,0,0,0,0,0,0,0,0,0,0,0,0,0,0,0,0,0,0,0,0,0,0,0,0,0,0,0,0,0,0,0,0,0,0.54,1,1,1,1,1,1,1,1,1,1,1,1,1,1,1,1,1,1
"CmHAicGXp6boDhgp7Kb1JbPcvf7GstyK2yMyMxZY2pKU",0,0,0,0,0,0,0,0,0,0,0,0,0,0,0,0,0,0,0,0,0,0,0,0,0,0,0,0,0,0,0,0,0,0,0,0,0,0,0,0,0,0,0,0,0,0,0,0.62,1,1,1,1,1,1,1,1,1,1,1,1,1,1,1,1,1,1,1
"CnevKtH5zaThFqJmpWZSBzjEMY8bsWiVkkeP6GVSMVgf",0,0,0,0,0,0,0,0,0,0,0,0,0,0,0,0,0,0,0,0,0,0,0,0,0,0,0.17,1,1,1,1,1,1,1,1,1,1,1,1,0.96,1,1,1,1,1,1,1,1,1,1,1,0,0,0,0,0,0,0,0,0,0,0,0,0,0,0,0
"CpNnGGhgVATJAbzHUXdrcGfpPiGuZyPka4QUmH7YgavX",0,0,0,0,0,0,0,0,0,0,0,0,0,0,0,0,0,0,0,0,0,0,0,0,0,0,0,0,0,0,0,0,0,0,0,0,0,0,0,0,0,0,0,0,0,0,0,0,0,0,0,0,0,0,0,0,0,0,0.08,1,1,1,1,1,1,1,1
"CpuDNi3iVoHXbaT8gHpzKe6rqeBasoYjEKi21q7NRVJS",0,0,0,0,0,0,0,0,0,0,0,0,0,0,0,0,0,0,0,0,0,0,0,0,0,0,0,0,0,0,0,0,0,0,0,0,0,0,0,0,0,0,0,0,0,0,0,0,0,0,0,0,0,0,0,0,0,0,0,0,0.67,1,1,1,1,1,1
"Crg1X8FftV44NmwfFvgREjanBQmyyS7NEu6duLU7Cyy6",0,0,0,0,0,0,0,0,0,0,0,0,0,0,0,0,0,0,0,0,0,0,0,0,0,0,0,0,0,0,0,0,0,0,0,0,0,0,0,0,0,0,0,0,0,0,0,0,0,0,0,0,0,0,0,0,0,0,0,0,0.04,1,1,1,1,1,1
"CtzN7ysR5rX69qd168Aosbuc83mPozhi81bEHbG7ecNP",0,0,0,0,0.83,1,1,1,1,1,1,1,1,1,1,1,1,1,1,1,1,1,1,0.92,0.38,1,1,0.71,1,1,1,1,1,1,1,1,1,0.79,1,1,1,1,1,1,1,0.88,0.96,1,1,1,1,1,1,1,1,1,1,1,1,1,1,1,1,1,1,1,1
"Cu9Ls6dsTL6cxFHZdStHwVSh1uy2ynXz8qPJMS5FRq86",0,0,0,0,0,0,0,0,0,0.1,1,1,1,1,1,1,1,1,1,1,1,1,0.92,1,1,1,0.96,1,1,1,1,1,1,1,1,1,0.96,0.96,1,1,1,1,1,1,0.96,1,1,1,1,1,1,1,1,1,1,1,1,1,1,1,1,1,0.96,1,1,1,1
"D2RV1q6FgePVVjrMa7AMzVbvvAeg5oS7TAV7qdNKSDsX",0,0,0,0,0,0,0,0,0,0,0,0,0,0,0,0,0,0,0,0,0,0,0,0,0,0,0,0,0,0,0,0,0,0,0,0,0,0,0,0,0,0,0,0,0,0,0,0,0,0,0,0,0,0,0,0,0,0,0,0,0,0.33,1,1,1,1,1
"D3htsc6iRQJLqCNWcC2xcZgUuvcd1JT8zoYNqraNcTQz",1,1,1,1,1,1,1,1,1,1,1,1,1,1,0.83,1,1,0.79,0.17,0.54,1,1,1,1,1,1,1,1,1,1,1,1,1,1,1,1,1,1,0.96,1,1,1,1,1,1,1,1,1,1,1,1,1,1,1,1,1,1,1,1,1,1,1,1,1,1,1,1
"D4ujBcx3Wwc6rHhx1DFdTZL7vfDJDE6Y2BvRfE8HovBF",0,0,0,0,0,0,0,0,0,0,0,0,0,0,0,0,0,0,0.5,1,1,1,1,1,1,1,1,1,1,1,1,1,1,1,0.62,0,0,0.62,1,1,1,1,1,1,1,1,1,1,1,1,0.88,1,1,1,1,1,1,1,1,1,1,1,1,1,1,1,1
"D6uUDTEgXDf1yzLuQfFFCEKF9a2Ri5trFAWwaUpKB2ji",0,0,0,0,0,0,0,0,0,0,0,0,0.33,1,1,1,1,1,1,1,1,1,1,1,1,1,1,1,1,1,1,1,1,1,1,1,1,1,0.96,1,1,1,1,0.58,1,1,1,1,1,1,0.92,1,1,1,1,1,1,1,1,1,1,1,1,1,1,1,1
"D8kuk3qEiVBGwYkuMGKfBDwuRi6jjRkzjAZg45fdaRLx",0,0,0,0,0,0,0,0,0,0,0,0,0,0,0,0,0,0,0,0,0,0,0,0,0.58,1,0.96,1,1,1,1,1,1,1,0.96,1,1,1,1,1,1,1,1,1,1,1,1,1,1,1,1,0.96,1,1,1,1,1,1,1,1,1,1,0.96,1,1,1,1
"D8xKNftHzFcCekENuTEcFC1eoL9y8wNHEg4Q5z57KK4e",0,0,0,0,0.83,1,1,1,1,1,1,1,1,1,1,1,1,1,1,1,1,1,1,0.92,1,1,1,1,1,1,1,1,1,1,1,1,1,1,1,1,1,1,1,1,1,1,1,0.96,1,1,1,1,1,1,1,1,1,1,1,1,1,1,1,1,1,1,1
"DARHT2kULrSdWzL4Fc4hs28s4pfMa4aB92631AHUJkV1",1,1,1,1,0.96,1,1,1,1,1,1,1,1,1,1,1,1,1,1,1,1,1,0.71,0,0,0,0,0,0,0,0,0,0,0,0,0,0,0,0,0,0,0,0,0,0,0,0,0,0,0,0,0,0,0,0,0,0,0,0,0,0,0,0,0,0,0,0
"DCKyEmMENQMtLXgbmUoHRmgP9XdJ9HsR5WxrKnSDCzKA",0,0,0,0,0,0,0,0,0,0,0,0,0,0,0,0,0,0,0,0,0,0,0.29,1,1,1,1,1,1,1,1,1,1,1,1,1,0.96,1,1,1,1,1,1,1,1,1,1,1,1,1,1,1,1,1,1,1,1,1,1,1,1,1,1,1,1,1,1
"DCdTPyDbXNHrmdv4ZyPPzEfY4mPAqH4hDPtowAteoNgv",0,0,0,0,0,0,0,0,0,0,0,0,0,0,0,0,0,0,0,0,0,0,0,0,0,0,0,0,0,0,0,0,0,0,0,0,0,0,0,0,0,0,0,0,0,0,0,0,0,0,0.17,0.96,1,1,1,1,1,1,1,1,1,1,1,1,1,1,1
"DDgVWafunwNr1YeJD89SWqotXuwjzyvZRmpapZPshrk",0,0,0,0,0,0,0,0,0,0,0,0,0,0,0,0,0,0,0,0,0,0,0,0,0,0,0,0,0,0,0,0,0,0,0,0,0,0,0,0,0,0,0,0,0,0,0,0,0,0,0,0,0,0,0.12,1,1,1,1,1,1,1,1,1,1,1,1
"DEgenZMznWXvg5YHaZM75arVTauV453SeXX1UrxcGNup",1,1,1,1,1,1,1,1,1,1,1,1,1,1,1,1,1,1,1,1,1,1,1,1,1,1,1,0.71,1,1,1,1,1,1,1,1,1,0.83,1,1,1,1,1,1,1,1,1,1,1,1,1,1,1,1,1,1,1,1,1,1,1,1,1,1,1,1,1
"DKSy9mQn63487j7oXHxqmykLEYUA3akTHm1QNPgDLGN8",0,0,0,0,0,0,0,0,0,0,0,0,0,0,0,0,0,0,0,0,0,0,0,0,0,0,0,0,0,0,0,0,0,0,0,0,0,0,0,0,0,0,0,0,0,0,0,0,0,0,0,0,0,0.29,1,1,1,1,1,1,1,1,1,1,1,1,1
"DSRVdh9PQaqAcFtMCbJhyD4yMD5H2EeHNzdbqWctRY4E",0,0,0,0,0,0,0,0,0,0,0,0,0,0,0,0,0,0,0,0,0,0,0,0,0,0,0,0,0,0,0,0,0,0,0,0,0,0,0,0,0,0,0,0,0,0,0,0,0,0,0,0,0,0,0,0,0,0,0,0.58,1,0.58,0,0,0,0,0
"DTELykegBxxEn9c15GbH1zbYFr9CFd8VHQnhTGfz5JLb",0,0,0,0,0,0,0,0,0,0,0.58,1,1,1,1,1,1,1,1,1,1,1,1,1,1,1,1,1,0.96,1,1,1,1,1,1,1,1,1,1,1,1,1,1,1,1,1,1,1,1,1,1,1,1,1,1,1,1,1,1,1,1,1,1,1,1,1,1
"DWGupvBwXjUudG1fPqtcuw4qe6ByDzzLhnbr5z7RGWsL",0,0,0,0,0,0,0,0,0,0,0,0,0,0,0,0,0,0,0,0,0.75,1,1,1,1,1,1,1,1,1,1,1,1,1,0.46,0,0,0.62,1,1,1,1,1,1,1,1,1,1,1,1,0.88,1,1,1,1,1,1,1,1,1,1,1,1,1,1,1,1
"DZVqmD4QqSWM2gUyEXdQhvt4u3NZtCRxdsn2n2nNiBRL",1,1,1,1,1,1,1,1,1,1,1,1,0.96,1,1,1,1,1,0.38,0.71,0.96,1,1,1,1,1,1,1,1,1,1,1,1,1,1,1,1,0.96,1,1,1,1,1,1,1,1,1,1,1,1,1,1,1,1,1,1,1,1,1,1,1,1,1,1,1,1,1
"DZVySotZvrvJyVAcgjFtUDm93zoCaq9wBruMAUz83CWW",1,1,1,1,1,1,1,1,1,1,1,1,1,1,1,1,1,1,1,1,1,1,1,1,0.96,1,0.96,1,1,1,1,1,1,1,1,1,1,1,1,0.96,1,1,1,1,1,1,1,1,1,1,1,1,1,1,1,1,1,0.96,1,1,1,1,1,1,1,0.96,1
"DZv25oNCWFvGXu9tH63BiAXvG94syweGZhbvdN3HxDxT",1,1,1,1,1,1,1,1,1,1,1,1,1,1,1,1,0.96,1,1,1,1,1,1,1,1,1,1,1,1,1,1,1,1,1,1,1,1,1,1,1,1,1,1,1,1,1,1,1,1,1,1,1,1,1,1,1,1,1,1,1,1,1,1,1,1,1,1
"DeXsDvvZzKhVux4YfDFE6p4acJLGzr8yKt5pSTjzZB8t",0,0,0,0,0,0,0,0,0,0,0,0,0,0,0,0,0,0,0,0,0,0,0,0,0,0,0,0,0,0,0,0,0,0,0,0,0,0,0,0,0,0,0,0,0,0,0,0.79,1,1,1,1,1,1,1,1,1,1,1,0.75,1,1,1,1,1,1,1
"DeepM3FDWaAb7o53rvyZk5YvHLG3FvDiVXJLRY78z51p",0,0,0,0,0,0,0,0,0,0,0,0,0,0,0,0,0,0,0,0,0,0,0,0,0,0,0,0,0,0,0,0,0,0,0,0,0,0,0,0,0,0,0,0,0,0,0,0,0,0,0,0.21,1,1,1,1,1,1,1,1,1,1,1,1,1,1,1
"DefiihS7gLkj6xLjjhcr87bFuwpVVNYpeNBaBeFe56CY",0,0,0,0,0,0,0,0,0,0,0,0,0,0,0,0,0,0,0,0,0,0,0,0,0,0,0,0,0,0,0,0,0,0,0,0,0,0,0,0,0,0,0,0,0,0,0,0,0,0,0,0,0,0,0,0,0,0,0,0,0,0,0.46,1,1,1,1
"DiveRaPKviyDnQyiiMFdV4rujsCBJzMNvPjKfvGNLGvL",1,1,1,1,1,1,1,1,1,1,1,1,1,1,1,1,1,1,1,1,1,1,1,1,1,1,1,1,1,1,1,1,1,1,1,1,1,1,1,0.96,1,1,1,1,1,1,0.96,1,1,1,1,1,1,1,1,1,1,1,1,1,1,1,1,1,1,1,1
"DqBvkYXi7HjdaKz78yakiDsaGuq1BKrQi3Z5JV6STctz",0,0,0,0,0,0,0,0,0,0,0,0,0,0,0,0,0,0,0,0,0.42,1,1,1,1,1,1,1,0.88,0.21,0.25,0,0,0,0,0,0,0,0,0,0,0,0,0,0,0,0,0,0,0,0,0,0,0,0,0,0,0,0,0,0,0,0,0,0,0,0
"DtY5Bzxd75iWQRvKwM2xLUxqwLT1RRoeNwmVvgS2JANA",1,1,1,1,1,1,1,1,1,0.9,1,1,1,1,1,1,1,1,1,1,1,1,1,1,1,1,1,1,1,1,1,1,1,1,1,1,0.92,1,1,1,1,1,1,1,1,1,1,1,1,1,1,1,1,1,1,1,1,1,1,1,1,1,1,1,1,1,1
"DtdSSG8ZJRZVv5Jx7K1MeWp7Zxcu19GD5wQRGRpQ9uMF",0,0,0,0,0,0,0,0,0,0,0,0,0,0,0,0,0,0,0,0,0,0,0,0,0,0,0,0,0,0,0,0,0,0,0,0,0,0,0,0,0,0,0,0,0,0,0,0,0,0,0,0,0,0,0,0,0,0.17,1,1,1,1,1,1,1,1,1
"DwGEK1ZSC5SM9e7Tkts5hLpkUffAsFUcqeLr2zifaXZi",0,0,0,0,0,0,0,0,0,0,0,0,0,0,0,0,0,0,0,0,0.5,1,1,1,1,1,1,1,0.96,1,1,1,1,1,1,1,1,1,1,1,1,1,1,1,1,1,1,1,1,1,0.92,1,1,1,1,1,1,1,1,1,1,1,1,1,1,1,1
"E99w1XfS4UNM1xUKXWEuDmj8Mduy7u65jm2NCULTspSV",0,0,0,0,0,0,0,0,0,0,0,0,0,0,0,0,0,0,0,0,0,0,0,0,0,0,0,0,0,0,0,0,0,0,0,0,0,0,0,0,0,0,0,0,0,0,0,0,0,0,0.21,1,1,1,1,1,1,1,1,1,1,1,1,1,1,1,1
"E9hD3ikumJx1GVswDjnpCt6Uu4WG5mz1PDWCqdE5uhmo",0,0,0,0,0,0,0,0,0,0,0,0,0,0,0,0,0,0,0,0,0,0,0,0,0,0,0,0,0,0,0,0,0,0,0,0,0,0,0,0,0,0,0,0,0,0,0,0,0.33,1,1,1,1,1,1,1,1,1,1,1,1,0.96,1,1,1,1,1
"EAW9vxqogvdPNapq7QTDpiVTHK6o7begUhPVnf854VTc",0,0,0,0,0,0,0,0,0,0,0,0,0,0,0,0,0,0,0,0,0,0.96,1,1,1,1,1,1,1,1,1,1,1,1,1,1,1,1,1,1,1,1,1,1,0.88,0,0,0,0.46,1,0.79,0.38,0.04,0,0,0.38,0.58,1,1,1,1,1,1,1,0.96,1,1
"EBk678aQvc3cUkfGyoehfw21JQfJXjmWuBeopYc89RSV",0,0,0,0,0,0,0,0,0,0,0.96,1,1,1,1,1,0.83,1,1,1,1,1,1,1,1,1,1,1,1,1,1,1,1,1,1,1,1,0.92,1,1,1,1,1,1,1,1,1,1,1,1,1,1,1,1,1,1,1,0.96,1,1,1,1,1,1,1,1,0.92
"EKHuz3Ag7UtYrEeterGVFHwYWDn2d6aXjnAAf2d5edLh",0,0,0,0,0,0,0,0,0,0,0,0,0,0,0,0,0,0,0,0,0,0,0,0,0,0,0,0,0,0,0,0,0,0,0,0,0,0,0,0,0,0,0,0,0,0,0,0,0,0,0,0,0,0,0,0,0,0,0,0,0.67,1,1,1,1,1,1
"ELE1xBTfmHB7vuhSH94q23r6j3tuvTXYTqgm1u4uzMLk",0,0,0,0,0,0,0,0,0,0,0,0,0,0,0,0,0,0,0,0,0,0,0,0,0,0,0,0,0,0,0,0,0,0,0,0,0,0,0,0,0,0,0,0,0,0,0,0.96,1,1,1,1,1,1,1,1,1,1,1,1,1,0.04,0.12,1,1,1,1
"EN5F2BU5juUEWr9zRNNqKuQMi9zBUY1YLPHV5EyMrvnW",0,0,0,0,0,0,0.92,1,1,1,1,1,1,1,1,1,1,1,1,1,1,1,1,1,1,1,1,1,1,1,1,1,1,1,1,1,1,1,1,0.96,1,1,1,1,1,1,1,1,1,1,1,1,1,1,1,1,1,1,1,1,1,1,1,1,1,1,1
"EPFZFVrXuveEQar9LaEkt5kDRPMnbvK54qu5FwCxpkcy",0,0,0,0,0,0,0,0,0,0,0,0,0,0,0,0,0,0,0,0,0,0,0,0.71,1,1,1,1,1,1,1,1,1,1,1,1,1,1,1,1,1,1,1,1,1,1,1,1,1,1,1,1,1,1,1,1,1,1,1,1,1,1,1,1,0.96,1,1
"ET6sihELJYJeiQ6z3MdpSnbHWPPJ5FUFjZag1BtxVX6e",0,0,0,0,0,0,0,0,0,0,0,0,0,0,0,0,0,0,0,0,0,0,0,0,0,0,0.12,1,1,1,1,1,1,1,1,1,1,1,1,1,1,1,1,1,1,1,1,1,1,1,1,1,1,1,1,1,1,1,1,1,1,1,1,1,1,1,1
"ETcW7iuVraMKLMJayNCCsr9bLvKrJPDczy1CMVMPmXTc",0,0,0,0,0,0,0,0,0,0,0,0,0,0,0,0,0,0,0,0,0,0,0,0,0,0,0,0,0,0,0,0,0,0,0,0,0,0,0,0,0,0,0,0,0,0,0,0,0,0,0,0,0,0,0,0,0,0,0,0.92,1,1,1,1,1,1,1
"EUDis6LJeJzDHTEBgfHGQyjHp63XZkGkx4E69xunC2Ej",0,0,0,0,0,0,0,0,0,0.29,1,1,1,1,1,1,1,1,1,1,1,1,1,1,1,1,1,1,1,1,1,1,0.54,0.92,1,1,1,1,1,1,1,1,1,1,1,1,0.79,1,1,1,1,1,1,1,1,1,1,1,1,1,1,1,1,1,1,1,1
"EWARp8Syq8cTWGWHtP5LT9fKAn5GvXfSCH8LfAwpgQ6m",0,0,0,0,0,0,0,0,0,0,0,0,0,0,0,0,0.12,1,1,1,1,1,1,1,1,1,1,1,1,1,1,1,1,1,1,1,1,1,1,1,1,1,1,1,1,1,1,1,1,1,1,1,1,1,1,1,1,1,1,1,1,1,1,1,1,1,1
"Ec2vpRp8HsTXndg25eBNJTQcQxTdEbhutivLQQLshrk",0,0,0,0,0,0,0,0,0,0,0,0,0,0,0,0,0,0,0,0,0,0,0,0,0,0,0,0,0,0,0,0,0,0,0,0,0,0,0,0,0,0,0,0,0,0,0,0,0,0,0,0,0,0,0.12,1,1,1,1,1,1,1,1,1,1,1,1
"Ee8dX3qtwrDRnxYK6NGQfmMeKT3Qpp2QZHpxiAiw23W9",0,0,0,0,0,0,0,0,0,0,0,0,0,0,0,0,0,0,0,0,0,0,0,0.33,1,1,1,1,1,1,1,0.88,1,1,1,1,1,1,1,0.67,1,1,1,1,1,0.75,1,1,1,1,1,1,1,1,1,1,1,1,1,1,1,1,1,1,1,1,1
"EtoMApqP2h1vVm9XLTTp5HERNezm5btkqrdAGQ9fZRnp",0,0,0,0,0,0,0,0,0,0,0,0,0,0,0,0,0,0,0,0,0,0,0,0,0,0,0,0,0,0,0,0,0,0,0,0,0,0,0,0,0,0,0,0,0,0,0,0,0,0,0,0,0,0,0,0,0,0.67,1,1,1,1,1,1,1,1,1
"Ettghfhr2kQerqAyGUuifFtBX17QecRe2gwpUZTAbZuw",0,0,0,0,0,0,0,0,0,0,0,0,0,0,0,0,0,0,0,0,0,0,0,0,0,0,0,0,0,0,0,0,0,0,0,0,0,0,0,0,0,0,0,0,0,0,0,0,0,0,0,0,0,0,0.12,1,1,1,1,1,1,1,1,1,1,1,1
"EvnRmnMrd69kFdbLMxWkTn1icZ7DCceRhvmb2SJXqDo4",0,0,0,0,0.5,1,1,1,1,1,1,1,1,1,1,1,1,1,1,1,1,1,1,1,1,1,1,1,1,1,0.96,1,0.96,1,1,1,1,1,1,1,1,1,1,0.96,1,1,1,1,1,1,1,1,1,1,1,1,1,1,1,1,1,1,1,1,1,1,1
"ExCHWgfeJyKRzpfryiQn4W6aYaWhbSAEnsoUnBGNqjWD",0,0,0,0,0,0,0,0,0,0,0,0,0,0,0,0,0,0,0,0,0,0,0,0,0,0,0,0,0,0,0,0,0,0,0,0,0,0.96,1,1,1,1,1,0.96,0,0.38,1,1,1,1,1,1,1,1,1,1,1,1,1,1,1,1,1,1,1,1,1
"Ey3DkEVbfBxfWmkTsG7Hqj7jshYf5Zx9H8462Zjjkykf",0,0,0,0,0,0,0,0,0,0,0,0,0,0,0,0,0,0,0,0,0,0,0,0,0,0,0,0.5,1,1,1,1,1,1,1,1,1,0.92,1,1,1,1,1,1,1,1,1,1,1,1,1,1,1,1,1,1,1,1,1,1,1,1,1,1,1,1,1
"EydLxzdWfD434DDxZYXkTcajvK5VKH7p6CofEDCRUkJ4",0,0,0,0,0,0,0,0,0,0,0,0,0,0,0,0,0,0,0,0,0,0,0,0,0,0,0,0,0,0,0.04,0,0,0,0.71,1,1,1,1,1,1,1,1,1,1,1,1,1,1,1,1,1,1,1,1,1,1,1,1,1,1,1,1,1,1,1,1
"F3dJbecT56EoP51Awv5RXtVTv498QNKWrUDu3rQ5srvY",0,0,0,0,0,0,0,0,0,0,0,0,0,0,0,0,0,0,0,0,0,0,0,0,0,0,0,0,0,0,0,0,0,0,0,0,0,0,0,0,0,0,0,0,0,0,0,0,0.46,1,0.92,1,1,1,1,1,1,1,1,1,1,1,1,1,1,1,1
"F3tdN8SoakjEPb743VY18YyKJWYHo6rojV3nkas5YJh8",0,0,0,0,0,0,0,0,0,0,0,0.71,1,1,1,1,1,1,1,1,1,1,1,1,1,1,1,1,1,1,1,1,1,1,1,1,1,1,1,1,1,1,1,1,1,1,1,1,1,1,1,1,1,1,1,1,1,1,1,1,1,1,1,1,1,1,1
"F5CRSKK34yQ1G43WnnP5vy9sj4YxthBWM4ct3wGzaB6n",0,0,0,0,0,0,0,0,0,0,0,0,0,0,0,0,0,0,0,0.46,1,1,1,1,1,1,0.96,1,0.92,1,1,1,1,1,1,1,1,1,1,0.92,1,1,1,1,1,1,1,1,1,1,0.92,1,1,1,1,1,1,1,1,1,1,1,1,1,1,1,1
"FACb6bbTDRBHCK999V8ox8jga5JBnt1r3vvzmAYAMv2o",1,1,1,1,1,1,1,1,1,1,1,1,1,1,1,1,1,1,1,1,1,1,1,1,1,1,1,1,1,1,1,1,1,1,1,1,1,0.96,0.96,1,1,1,1,0.96,1,1,1,1,1,1,1,1,1,1,1,1,1,1,1,1,1,1,1,1,1,1,1
"FFevTkywysWf8PJvH4DZkEp4v9ks9HJPJhZWbhhJiYnr",0,0,0,0,0,0,0,0,0,0,0,0,0,0,0,0,0,0,0,0,0,0,0.58,1,1,1,1,1,1,1,1,0.62,0,0,0,0,0,0,0.83,1,1,1,1,1,1,1,1,1,1,1,1,0.88,1,1,1,1,1,1,1,1,1,1,1,1,1,1,1
"FJDmjm2bkR49AxtBvABQphrYwjdjB54BP4XCW7ht4E4M",0,0,0,0,0,0,0,0,0,0,0,0,0.67,1,1,1,1,1,1,1,1,1,1,1,1,1,1,1,1,1,1,1,1,1,1,1,1,1,1,1,1,1,1,0.62,1,1,1,1,1,1,0.92,1,1,1,1,1,1,1,1,1,1,1,1,1,1,1,1
"FJN8ryNvkm3QAQufsjJmJ9eGPpK1D8hG4MawATqZfFhx",1,1,1,1,0.92,1,0.96,1,0.92,1,1,1,1,1,1,1,1,1,1,1,1,1,1,1,1,1,1,1,1,1,1,1,1,1,1,1,1,1,1,1,1,1,1,1,0.96,1,1,1,1,1,1,1,1,1,1,1,1,1,1,1,1,1,1,1,1,1,0.67
"FLVgaCPvSGFguumN9ao188izB4K4rxSWzkHneQMtkwQJ",0,0,0,0,0,0,0,0,0,0,0,0,0,0,0,0,0,0,0,0,0,0,0,0,0,0,0,0,0,0,0,0,0,0,0,0.92,1,1,0.92,1,1,1,1,1,1,1,1,1,1,1,1,1,1,1,1,1,1,1,1,1,1,1,0.96,1,1,1,1
"FLWc77X8dKh5RdJe5xMFxry8kvSVUbo9G4MQ8hCAg5ve",0,0,0,0,0,0,0,0,0,0,0,0,0,0,0,0,0,0,0,0,0,0,0,0,0,0,0,0,0,0,0,0,0,0,0,0,0,0,0,0,0,0,0,0,0,0,0.75,1,1,1,0.92,1,1,1,1,1,1,1,1,1,1,1,1,1,1,1,1
"FSVdqBzx5D4UsqBLnvmH5dFx2dCm1pTPAbQWJ1PYzTJ2",0,0,0,0,0,0,0,0,0,0,0,0,0,0,0,0,0,0,0,0,0,0,0,0,0,0,0,0,0,0,0,0,0,0,0,0,0,0,0,0,0,0,0,0,0.25,1,1,1,1,1,1,1,1,1,1,1,1,1,1,1,1,1,1,1,1,1,1
"Fd7btgySsrjuo25CJCj7oE7VPMyezDhnx7pZkj2v69Nk",0,0,0,0,0,0,0,0,0,0,0,0,0,0,0,0,0,0,0,0.92,1,1,1,1,1,1,1,1,1,1,1,1,1,1,1,1,1,1,1,1,1,0.96,1,1,0.96,1,1,1,1,1,1,0.25,1,1,1,1,1,1,1,1,1,1,1,1,1,0.96,1
"FjYEr2UCeFzNfAKiFrbhG34Zv8LxbmfHYAFhAfc7SLQL",0,0,0,0,0,0,0,0,0,0.14,1,1,1,1,1,1,1,1,1,1,1,1,1,1,1,1,1,1,1,1,1,1,1,1,1,1,1,1,0.96,1,1,1,1,1,1,1,1,1,1,1,1,1,1,1,1,1,1,1,1,1,1,1,1,1,1,1,1
"FnRqe316RrxVBv85EzMgcuWaVLZYYuyEq9znJnSZAu55",1,1,1,1,1,1,1,1,1,0.76,1,1,1,1,1,1,1,1,1,1,1,1,1,1,1,1,1,1,1,1,1,1,1,1,1,1,1,1,1,1,1,1,1,1,1,1,1,1,1,1,1,1,1,1,1,1,1,1,1,1,1,1,1,1,1,1,1
"FphFJA451qptiGyCeCN3xvrDi8cApGAnyR5vw2KxxQ1q",0,0,0,0,0,0,0,0,0,0,0,0,0,0,0,0,0,0,0,0,0,0,0,0,0,0,0,0,0,0,0,0,0,0,0,0,0,0,0,0,0,0,0,0,0,0.5,1,1,1,1,1,1,0.96,1,1,1,1,1,1,0.96,1,1,1,1,1,1,1
"Frdg1NUoQaaTmASWNTrtDrBU5PbTnWtUvtdCr1XPNn1c",0,0,0,0,0,0,0,0,0,0,0,0,0,0,0,0,0,0,0,0,0,0,0,0,0,0,0,0.79,1,1,1,1,1,1,1,1,1,1,1,0.92,1,1,1,1,1,1,1,1,1,1,1,0,0,0,0,0,0,0,0,0,0,0,0,0,0.21,1,1
"FttTBmXi5tmGJtiRcbVLwfMnY3ngrxw8DNSWRWMrr1WS",1,1,1,1,1,0.92,0,0,0.25,1,1,1,1,1,1,1,1,0.79,0,0.33,1,1,1,1,1,1,1,1,1,1,0.71,0,0.29,1,1,1,1,1,1,1,1,1,1,1,1,1,1,1,1,1,1,0,0,0,0,0,0,0,0,0,0,0,0,0,0,0,0
"FugJZepeGfh1Ruunhep19JC4F3Hr2FL3oKUMezoK8ajp",1,1,1,1,1,1,1,1,1,1,1,1,1,1,1,1,1,1,1,1,1,1,1,1,1,1,1,1,1,1,0.96,1,1,1,1,1,1,1,1,1,1,1,1,1,1,1,1,0.96,1,1,1,0,0.33,1,1,1,1,1,1,1,1,1,1,0.96,1,1,1
"Fumin2Kx6BjkbUGMi4E7ZkRQg4KmgDv2j5xJBi98nUAD",0,0,0,0,0,0,0,0,0,0,0,0,0,0,0,0,0,0,0,0,0,0,0,0,0,0,0,0,0,0,0,0,0,0,0,0,0,0,0,0,0,0,0,0.29,1,1,0.62,0,0,0,0,0,0,0,0,0,0,0,0,0,0,0,0,0,0,0,0
"FwnWx7x99rGwLmipzz8ii15NqcHkKRo2oS1Y7j6LivgZ",0,0,0,0,0,0,0,0,0,0,0,0,0,0,0,0,0,0,0,0,0,0,0,0,0,0,0,0,0,0,0,0,0,0,0,0,0,0,0,0,0,0,0,0,0,0,0,0,0,0,0,0,0,0,0,0,0,0,0,0,0.04,1,1,1,1,1,1
"Fx8ATrRvjMnmUCjjDaUFcyjhbLVPzZJicj32bDcraqBz",0,0,0,0,0,0,0,0,0,0,0,0,0,0,0,0,0,0,0.67,1,1,1,1,1,1,1,1,1,1,1,1,1,1,1,1,1,1,1,0.96,1,1,1,1,1,1,1,1,1,1,1,0.92,1,1,1,1,1,1,1,1,1,1,1,1,1,1,1,1
"Fy7RCjDdFLG8wLn7TBKbccaKwYX1FetdSoVDREdUHf5o",0,0,0,0,0,0,0,0,0,0,0,0,0,0,0,0,0,0,0,0,0,0,0,0,0,0,0,0,0,0,0,0,0,0,0,0,0,0,0,0,0,0,0,0,0,0.79,1,1,1,1,1,1,1,1,1,1,1,1,1,1,1,1,1,1,1,1,1
"G1eAmANVWf6ZeoxG4aMbS1APauyEDHqLxHFytzk5hZqN",1,1,1,1,1,1,1,1,1,1,1,1,1,1,1,1,1,1,1,1,1,1,1,1,1,1,1,1,1,1,1,1,1,1,1,1,0.96,1,1,1,1,1,1,1,1,1,0.96,1,1,1,1,1,1,1,1,1,1,1,1,1,1,1,1,1,1,1,1
"G4GT8z4AKWNoy3x6nuzxW83UfFXLXzrwn7DZQt4GvWdU",0,0,0,0,0,0,0,0,0,0,0,0,0,0,0,0,0,0,0,0,0,0,0,0,0.17,1,1,1,1,1,1,1,1,1,1,1,1,1,1,1,0.92,1,1,1,1,1,1,1,1,1,1,1,1,1,1,1,1,1,1,1,1,1,1,1,1,1,1
"GCQ4V2e6PPdgHM1mXgepHZvdRkWAxbiFUUpJC5Bpcncd",0,0,0,0,0,0,0,0,0,0,0,0,0,0,0,0,0,0,0,0,0,0,0,0,0,0,0,0,0,0,0,0,0,0,0,0,0,0,0,0,0,0,0,0,0,0,0,0,0,0,0,0.67,1,1,1,1,1,1,1,1,1,1,1,1,1,1,1
"GMag1aGPi4Qi7FYNYi9HnAaktSRiWvZ6At3UWruuhEcL",0,0,0,0,0,0,0,0,0,0,0,0,0,0,0,0,0,0,0,0,0,0,0,0,0,0,0,0,0,0,0,0,0,0,0,0,0,0,0,0,0,0,0,0,0,0,0,0,0.42,1,0.92,1,1,1,1,1,1,1,1,1,1,1,1,1,1,1,1
"GQiWnDYrzHMALWG9avt5FCu1wisAQHjGY5ve7GMBiPEe",0,0,0,0,0,0,0,0,0,0,0,0,0,0,0,0,0,0,0,0,0,0,0,0,0,0,0,0,0,0,0,0,0,0,0,0,0,0,0,0,0,0,0,0,0,0,0,0,0.33,1,1,1,1,1,1,1,1,1,1,0.96,1,1,1,0.96,1,1,1
"GQqxGEmi6aMBZtcfmfmC5Jgx33X57ksvNYoo8bMH52T9",0,0,0,0,0,0,0,0,0,0.19,1,1,1,1,1,1,1,1,1,1,1,1,1,1,1,1,1,1,1,1,1,1,1,1,1,1,1,1,1,1,1,1,1,1,1,0.92,1,1,1,1,1,1,1,1,1,1,1,1,1,1,1,1,1,1,1,1,1
"GS7tvhfiU36vp8q2d92buz3dgENidvA3bWNpRDFcvnR2",0,0,0,0,0,0,0,0,0,0,0,0,0,0,0,0,0,0,0,0,0,0,0.08,1,1,1,1,1,1,1,1,1,1,1,1,1,1,1,1,1,1,1,1,1,1,1,1,1,1,1,1,1,1,1,1,1,1,1,1,1,1,1,1,1,0.96,1,1
"GWJyUxzcVwRRtpLuLiu1mpiUQsZ4onYFAYfCjQnuLmz5",0,0,0,0,0,0,0,0,0,0,0,0,0,0,0,0,0,0,0,0,0,0,0,0,0,0,0,0,0,0,0,0,0,0,0,0,0,0,0,0,0,0,0,0,0,0,0,0,0.96,1,1,1,1,1,1,1,1,0.58,0.92,1,1,1,1,1,1,1,1
"GYx8kpp7SsRwtQEEsGQjAxb4hFMMmT91kFJuDeky3YGQ",0,0,0,0,0,0,0,0,0,0,0,0,0,0,0,0,0,0,0,0,0,0,0,0,0,0,0,0,0,0,0,0,0,0,0,0,0,0,0,0,0,0,0,0,0,0,0,0,0,0,0,0.67,1,0.38,0,0,0,0,0,0,0,0,0,0,0,0.67,1
"GZMbBC62TfFZj7YBM11AciMSm7ejKRGjzg9ehsmjLtqz",0,0,0,0,0,0,0,0,0,0,0,0,0,0,0,0,0,0,0,0,0,0,0,0,0,0,0,0,0,0.21,1,1,1,1,1,1,1,1,1,1,1,1,1,1,1,1,1,1,1,1,0.96,1,1,1,1,1,1,1,1,1,1,1,1,1,1,1,1
"Gd33fENP1XsBimff41s1EWrs2kmqfGQqEJ5CQPQB3Jwy",0,0,0,0,0,0,0,0,0,0,0,0,0,0,0,0,0,0,0,0,0,0,0,0,0,0,0,0,0,0,0,0,0,0,0,0,0,0,0,0,0,0,0,0,0,0,0,0,0,0,0,0,0,0,0,0,0,0,0.42,1,1,1,1,1,1,1,1
"Gf4rQifKzAHznUdtbFumy1MTwGX5ApgwnkxUUvEaEzWC",0,0,0,0,0,0,0,0,0,0,0,0,0,0,0,0,0,0,0,0,0,0,0,0,0,0,0,0,0,0,0,0,0,0,0,0,0,0,0,0,0,0,0,0,0,0,0,0,0.67,1,0.92,1,1,1,1,1,1,1,1,1,1,1,1,1,1,1,1
"GiGa4gzsvLHmtPdN4MXFnr5U8cRbxS2FoVkZ8xq2uus5",0,0,0,0,0,0,0,0,0,0,0,0,0,0,0,0,0,0,0,0,0,0,0,0,0,0,0,0,0,0,0,0,0,0,0,0,0,0,0,0,0,0,0,0,0.04,1,1,1,1,1,1,1,1,1,1,1,1,1,1,1,1,1,1,1,1,1,1
"GnZB2GTH8KJKqU3L4tR42a7BnKXxvgS9rerGMAszNCp",0,0,0,0,0,0,0,0,0,0,0,0,0,0,0,0,0,0,0,0,0,0,0,0,0,0,0,0,0,0,0,0,0,0.46,1,1,1,1,0.96,1,1,1,1,1,1,1,1,1,1,1,0.92,0,0,0,0,0,0,0,0,0,0,0,0,0,0,0,0
"GqDCbnafLmKkdqiqf278jDLXqjjZMB2sViZQtR82jPUf",0,0,0,0,0,0,0,0,0,0,0,0,0,0,0,0,0,0,0,0,0,0,0,0,0,0,0,0,0,0,0,0,0,0,0,0,0,0,0,0,0,0,0,0,0,0,0,0,0,0,0.17,1,1,1,1,1,1,1,1,1,1,1,1,1,1,1,1
"GvfaiJUhNCRZGVGumsEF1eHDb8JpAeFAyHSrTifyhrbt",0,0,0,0,0,0,0,0,0,0,0,0,0,0,0,0,0,0,0,0,0,0,0.21,1,1,1,1,1,1,1,1,1,1,1,1,1,1,1,0.96,1,1,1,1,1,1,1,1,1,1,1,1,0.88,1,1,1,1,1,1,1,1,1,1,1,1,1,1,1
"GzK6vbP3fejCMqja1veNtN3kF3s8KubDCwApnkVeyGt4",0,0,0,0,0,0,0,0,0,0,0,0,0,0,0,0,0,0,0,0,0,0,0.25,1,1,1,1,1,1,1,1,1,1,1,1,1,1,1,1,0.96,1,1,1,1,1,1,1,1,1,1,1,1,1,1,1,1,1,1,1,1,1,1,1,1,1,1,1
"HBhWr2MXcBjuhJAfwei8N6cK588Y7zBwmAg13RPshrk",0,0,0,0,0,0,0,0,0,0,0,0,0,0,0,0,0,0,0,0,0,0,0,0,0,0,0,0,0,0,0,0,0,0,0,0,0,0,0,0,0,0,0,0,0,0,0,0,0,0,0,0,0,0,0.12,1,1,1,1,1,1,1,1,1,1,1,1
"HLXxkmjb47spcmbbKi3UCfZ2qmFY29t8MN562AEmh2Qh",0,0,0,0,0,0,0,0,0,0,0,0,0,0,0,0,0,0,0,0,0,0,0,0,0,0,0,0,0,0,0,0,0,0,0,0,0,0,0,0,0,0,0,0,0,0,0,0,0,0,0,0,0,0,0,0,0,0,0,0,0,0,0,0.04,0,0,0
"HVXXmNKkmDZbZwj74iL2Y9Wu4SyrchBoxAfFYVAktLrG",0,0,0,0,0,0,0,0,0,0,0,0,0,0,0,0,0,0,0,0,0,0,0,0,0,0,0,0,0,0,0,0,0,0,0,0,0,0,0,0,0,0,0,0,0,0,0,0,0,0.21,1,1,1,1,1,1,1,1,0.96,1,1,1,1,1,1,1,1
"HW4zorvt6xDwhU36RqjcWNwU8YMj9tiqnAafBKW4cqV",0,0,0,0,0,0,0,0,0,0,0,0,0,0,0,0,0,0,0,0,0,0,0,0,0,0,0,0,0,0,0,0,0,0,0,0,0,0,0,0,0,0,0,0,0,0,0,0,0,0,0,0,0,0,0,0,0,0,0,0,0,0.79,1,1,1,1,1
"HbQwCgDvVZF5pMdGZMdX2poPU43RyF1TxQLz6LFMqYRF",0,0,0,0,0,0,0,0,0,0,0,0,0,0,0,0,0,0,0,0,0,0,0,0,0,0,0,0,0,0,0,0,0,0,0,0,0,0,0,0,0,0,0,0,0,0,0,0,0,0,0,0.54,1,1,0.96,1,1,1,1,1,1,1,1,1,1,1,1
"Hhn4usDjnktbPURJHbi4YrPdKudBD5Qq35mTcaQ3Uu6",1,1,1,1,1,1,1,1,1,1,1,0.96,1,1,1,1,0.88,1,0.92,0.96,1,1,1,1,1,1,1,1,1,1,1,1,1,1,1,1,1,1,1,1,1,1,1,1,1,1,1,1,1,1,1,1,1,1,1,1,1,1,1,1,0.75,0.62,0,0,0,0,0.04
"HwN6eoEe9N3kwHi66hpQDBMFPk6ASQGthWKPX5MZmisp",0,0,0,0,0,0,0,0,0,0,0,0,0,0,0,0,0,0,0,0,0,0,0,0,0,0,0,0,0,0,0,0,0,0,0,0,0,0,0,0,0,0,0,0,0,0,0,0,0,0.12,1,1,1,1,1,1,1,1,1,1,1,1,1,1,1,1,1
"J1xEijrZvidXX8eF9gnHprucjeMAASZ2tYkY1GXF91Tq",0,0,0,0,0,0,0,0,0,0,0,0,0,0,0,0,0,0,0,0,0,0,0,0,0,0,0,0,0,0,0,0,0,0,0,0,0,0,0,0,0,0,0,0,0,0,0,0,0.54,1,0.92,1,1,1,1,1,1,1,1,1,1,1,1,1,1,1,1
"J2obR2DK7gnd6H88HjKzEYuMyboDWRNpbzwmGSh31nnu",0,0,0,0,0,0,0,0,0,0,0,0,0.29,1,1,1,1,1,1,1,1,1,1,1,1,1,1,1,1,1,1,1,1,1,1,1,1,1,1,0.96,1,1,1,1,1,1,1,1,1,1,0.88,1,1,1,1,1,1,1,1,1,1,1,1,1,1,1,1
"J5AsxaHfWn6KpEcPRT9EZ9szvEMBQeHRe947UeaMPG3z",0,0,0,0,0,0,0,0,0,0,0,0,0,0,0,0,0,0,0,0.67,1,1,1,1,1,1,1,0.96,1,1,1,1,1,1,1,1,1,1,1,1,1,1,1,0.58,1,1,1,0.92,1,1,0.92,1,1,1,1,1,1,1,1,1,1,1,1,1,1,1,1
"JD549HsbJHeEKKUrKgg4Fj2iyv2RGjsV7NTZjZUrHybB",0,0,0,0,0,0,0,0,0,0,0,0,0,0,0,0,0,0,0,0,0,0,0,0,0,0,0,0,0,0,0,0,0,0,0,0,0,0,0,0,0,0,0,0,0,0,0,0,0,0,0,0,0,0,0,0,0,0,0,0,0.46,1,1,1,1,1,1
"KTMkUG8WCw9FdH44jLMBpc1teGafnYL6SgP4fHHbsNM",0,0,0,0,0,0,0,0,0,0,0,0,0,0,0,0,0,0,0,0,0,0,0,0,0,0,0,0,0,0,0,0,0,0,0,0,0,0,0,0,0,0.21,1,1,1,1,1,0.83,1,1,1,0.12,1,1,1,1,1,1,1,1,1,1,1,1,1,1,1
"KiNGTLWCgoqLKn266xxT2Zosko3FumNv7Z4V7V9cyKQ",0,0,0,0,0,0,0,0,0,0,0,0,0,0,0,0,0.33,1,1,1,1,1,1,1,1,1,1,1,1,1,1,1,1,1,1,1,1,1,1,1,1,1,1,1,1,1,1,1,1,1,1,1,1,1,1,1,1,1,1,1,1,1,1,1,1,1,0.96
"KoLibrJsbABbtmtFPc7nPvDxT81rc4UPM7mY9xSLjpo",0,0,0,0,0,0,0,0,0,0,0,0,0,0,0,0,0,0,0,0,0,0,0,0,0,0,0,0,0,0,0,0,0,0,0,0,0,0,0,0,0,0,0,0,0,0,0,0,0,0,0,0,0,0,0.62,1,1,1,1,1,1,1,1,1,1,1,1
"LFGGGJtnBLvq78DyMz1gTeedM6f8owck76qHThDABBC",0,0,0,0,0,0,0,0,0,0,0,0,0,0,0,0,0,0,0,0,0,0,0,0,0,0,0,0,0,0,0,0,0,0,0,0,0,0,0,0,0,0,0,0,0.29,1,1,1,1,1,1,1,0.96,1,1,1,1,1,1,1,1,1,1,1,1,1,1
"Lake8NXDThihebhxS3Js7mFnj9fthmus93zEdsFNrsL",0,0,0,0,0,0,0,0,0,0,0,0,0,0,0,0,0,0,0,0,0,0,0,0,0,0,0,0,0,0,0,0,0,0,0,0,0,0,0,0,0,0,0,0,0,0.96,1,1,1,1,1,1,1,1,1,1,1,1,1,1,1,1,1,1,1,1,1
"LiFiDJwJjW98MB8wxcnXpafKYsuz1hwpUkuszkERiX6",0,0,0,0,0,0,0,0,0,0,0,0,0,0,0,0,0,0,0,0,0,0,0,0,0,0,0,0,0,0,0,0,0,0,0,0,0,0,0,0,0,0,0,0,0,0,0,0.92,1,1,1,1,1,1,1,1,1,1,1,1,1,1,1,1,1,1,1
"LodeuWMHPiPj2PUHUyca2bkpFv9HyzR3gaDBmGJ9TSS",0,0,0,0,0,0,0,0,0,0,0,0,0,0,0,0,0,0,0,0,0,0,0,0,0,0,0,0,0,0,0,0,0,0,0,0,0,0,0,0,0,0,0,0,0,0,0.92,1,1,1,1,1,1,1,1,1,1,1,1,1,1,1,1,1,1,1,1
"Love31pnbDJNVzZZVbtV4h2ftvTPVcBpXW11BSTCa6s",1,1,1,1,1,1,1,1,1,1,1,1,1,1,1,1,1,0.75,0,1,1,1,0.96,1,1,1,1,1,1,1,1,1,1,1,1,1,1,1,1,1,1,1,1,1,1,1,0.96,1,1,1,1,1,1,1,1,1,1,1,1,1,1,1,1,1,1,1,1
"LunaowJnt875WWoqDkhHhE93SNYHa6tfFNVn1rqc57c",0,0,0,0,0,0,0,0,0,0,0.83,1,1,1,1,1,1,1,1,1,1,1,1,1,1,1,1,1,1,1,1,1,1,1,1,1,1,1,1,1,1,1,1,1,1,1,1,1,1,1,1,1,1,1,1,1,1,1,1,1,1,1,1,1,1,1,1
"MCFmmmXdzTKjBEoMggi8JGFJmd856uYSowuH2sCU5kx",0,0,0,0,0,0,0,0,0,0,0,0,0,0,0,0,0,0,0,0,0,0,0,0,0,0,0,0,0,0,0,0,0,0,0,0,0,0,0,0,0,0,0,0,0,0,0,0.46,1,1,1,1,1,1,1,1,1,1,1,1,1,1,1,1,1,1,1
"MagiCBYNPD9iTBXqiFybAFCREQzG6MSM4LmFLXQZxuV",0,0,0,0,0,0,0,0,0,0,0,0,0.21,1,1,1,1,1,1,1,1,1,1,0.92,1,1,1,1,1,1,1,1,1,1,1,1,0.96,1,1,1,1,1,1,1,1,1,0.96,1,1,1,1,1,1,1,1,1,1,1,1,1,1,1,1,1,1,1,1
"MutT1jxCXbRWJXpXoJK259gLrNfzDezdxS3BSkQAmv1",0,0,0,0,0,0,0,0,0,0,0,0,0,0,0,0,0,0,0,0,0,0,0,0,0,0,0,0,0,0,0,0,0,0,0,0,0,0,0,0,0,0,0,0,0,0,0,0,0,0,0,0,0,0,0,0,0,0,0,0.38,1,1,1,1,1,1,1
"N43JWBg42ZoUFMkHsRUVbP7wGVdxaHKanqaF9BBNiFC",1,1,1,1,1,1,1,1,1,1,1,1,1,1,1,1,1,1,1,1,1,1,1,1,1,1,1,1,1,1,1,1,1,1,1,1,1,1,1,1,1,1,1,1,1,1,1,1,1,1,1,1,1,1,1,1,1,1,1,1,1,1,1,1,1,1,1
"NATsUSZGohWw8xtLdxG4yus21UCkaes4FLfM2eqKbRk",1,1,1,1,1,1,1,1,1,1,1,1,1,1,1,1,1,1,1,1,1,1,0.96,1,1,1,1,1,1,1,1,1,1,1,1,1,1,1,1,1,1,1,1,1,1,1,1,0.96,1,1,1,1,1,1,1,1,1,1,1,1,1,1,1,1,1,1,1
"NLMSHTjmSiRxGJPs3uaqtsFBC2dTGYwK41U18Nmw5kH",1,1,1,1,1,1,1,1,1,1,1,1,1,1,1,1,1,1,1,1,1,1,1,1,1,1,1,1,1,1,1,1,1,1,1,1,1,1,1,1,1,1,1,1,0.96,1,1,1,1,1,1,1,1,1,1,1,1,1,1,1,1,1,1,1,1,1,1
"PAWsME7oYbjt5TRNc11mBa33JhKnQr9AYherdr9YAZ6",0,0,0,0,0,0,0,0,0,0,0,0,0,0,0,0,0,0,0,0,0,0,0,0,0,0,0,0,0,0,0,0,0,0,0,0,0,0,0,0,0,0,0,0,0,0,0,0.5,1,1,1,1,1,1,1,1,1,1,1,1,1,1,1,1,1,1,1
"PRGNnb8DxVcP2WjSHfVRGgc8SkA5u6dbMwoTVV1BGKN",0,0,0,0.04,0.96,1,1,1,1,1,1,1,1,1,1,1,1,1,1,1,1,1,1,1,1,1,1,1,1,1,1,1,1,0.96,1,1,1,1,1,1,0.96,1,1,1,1,1,1,1,1,1,1,1,1,1,1,1,1,0.96,1,1,1,1,1,1,1,1,1
"PUmpKiNnSVAZ3w4KaFX6jKSjXUNHFShGkXbERo54xjb",1,1,1,1,1,1,1,1,1,1,1,1,1,1,1,1,1,1,1,1,1,1,1,1,1,1,1,1,1,1,1,1,1,1,1,1,1,1,1,1,1,1,1,1,1,1,1,1,1,1,1,1,1,1,1,1,1,1,0.54,1,1,1,1,1,1,1,1
"Pid6HQnMCFb9izqX9i7X6ePdUPieGmjHoPxC1Jfooix",0,0,0,0,0,0,0,0,0,0,0,0,0,0,0,0,0,0,0,0.25,1,1,0.62,0,0.38,1,1,1,1,1,1,1,1,1,1,1,1,1,1,1,1,1,1,1,1,1,1,1,1,1,0.96,1,0.75,1,1,1,1,1,1,1,1,1,1,1,1,1,1
"RBFiUqjYuy4mupzZaU96ctXJBy23sRBRsL3KivDAsFM",0,0,0,0,0,0,0,0,0,0,0,0,0,0,0,0,0,0,0,0,0,0,0,0,0,0,0,0,0,0,0,0,0,0,0,0,0,0,0,0,0,0,0,0,0,0,0,0,0,0,0,0,0,0,0,0,0,0,0,0,0.17,1,1,1,1,1,1
"RLMS1pv3YKi7CSUCKTNcFN5fFkXJc2SmCwPhbQpqZJo",0,0,0,0,0,0,0,0,0,0,0,0,0,0,0,0,0,0,0,0,0,0,0,0,0,0,0,0,0,0,0,0,0,0,0,0,0,0,0,0,0,0,0,0,0,0,0,0,0,0,0,0,0,0,0,0,0,0,0,0,0.42,1,1,1,1,1,1
"RNXnAJV1DeBt6Lytjz4wYzvS3d6bhsfidS5Np4ovwZz",0,0,0,0,0,0,0,0,0,0,0,0,0,0,0,0,0,0,0,0,0,0,0,0,0,0,0,0,0,0,0,0,0,0,0,0,0,0,0,0,0,0,0,0,0,0,0,0,0,0,0,0,0,0,0,0,0,0,0,0,0.17,1,1,1,1,1,1
"RhoAkvPz4uJY6F5EnmBSHnFFEeyA9rt9Rvp95G6HraT",0,0,0,0,0,0,0,0,0,0,0,0,0,0,0,0,0,0,0,0,0,0,0,0,0,0,0,0,0,0,0,0,0,0,0,0,0,0,0,0,0,0,0,0,0,0,0,0,0,0,0,0,0,0,0,0,0,0,0,0,0,0,0,0,0.54,1,1
"RoYFUUD7QD9aQ34UCMcwfye8dC5YvJeXz2J3mmoy5S4",0,0,0,0,0,0,0,0,0,0,0,0,0,0,0,0,0,0,0,0,0,0,0,0,0,0,0,0,0,0,0,0,0,0,0,0,0,0,0,0,0,0,0,0,0,0,0,0,0,0,0,0,0,0.29,1,1,1,1,1,1,1,1,1,1,1,1,1
"RoYLttggWwa2st3KAGEjnPhsq4NPD5QwaNVyyR8pTz4",0,0,0,0,0,0,0,0,0,0,0,0,0,0,0,0,0,0,0,0,0,0,0.29,0.92,1,1,1,1,1,1,1,1,1,1,1,1,1,1,1,1,1,1,1,1,1,1,1,0.96,1,1,1,1,1,1,1,1,1,1,1,1,1,1,1,1,1,1,1
"SFundNVpuWk89g211WKUZGkuu4BsKSp7PbnmRsPZLos",0,0,0,0,0,0,0.83,1,1,1,1,1,1,1,1,1,1,1,1,1,1,1,1,1,1,1,1,1,1,1,1,1,1,1,1,1,1,1,1,1,1,1,1,1,1,1,1,1,1,1,1,1,1,1,1,1,1,1,1,1,1,1,1,1,1,1,1
"SKYzJwMV6uX83pkytP5FFLFFtwi4yBfdg1CmDu675C5",0,0,0,0,0,0,0,0,0,0,0,0,0,0,0,0,0,0,0,0,0,0,0,0,0,0,0,0,0,0,0,0,0,0,0,0,0,0,0,0,0,0,0,0,0,0,0,0,0,0,0,0,0,0.92,1,1,1,1,0.96,1,1,1,1,1,1,1,1
"SLAY6uN1zZpXBTfbuDDCesNmM5D288xrz8uYvfS3n41",1,1,1,1,1,1,1,1,1,1,1,1,1,1,1,1,1,1,1,1,1,1,1,1,1,1,0.75,1,1,1,1,1,1,1,1,1,1,1,1,1,1,1,1,1,1,1,1,1,1,1,1,0,0,0,0,0,0,0,0,0,0.92,1,1,1,1,1,1
"SP9K2c8Z1aaQaqdQgC6hZMJ5UCTTnE76XNYVse7H94b",1,1,1,1,1,0.88,0.92,0.92,1,0.57,0.42,0.62,1,0.29,0.62,0.79,0.04,0.12,0.5,0.71,0.96,1,1,1,1,0.75,0.54,0.46,1,1,1,1,0.92,1,1,1,1,0.29,1,1,1,1,1,1,0.5,1,1,1,1,1,1,1,0.75,1,1,1,1,0.96,0.79,0,0.33,1,0.67,0.96,1,0.67,1
"SQDS9iwyWvT2mQbSZzuNKGoxuBug5jRHouF6SuMRBkA",0,0,0,0,0,0,0,0,0,0,0,0,0,0,0,0,0,0,0,0,0,0,0,0,0,0,0,0,0,0,0.33,1,1,1,1,1,1,1,1,1,1,1,1,1,1,1,1,1,1,1,1,1,1,1,1,1,1,1,1,1,1,1,1,1,1,1,1
"STPTshazcjH6cZMHzQBrggFSPHXYCTRGB7ctqS1AjkH",0,0,0,0,0,0,0,0,0,0,0,0,0,0,0,0,0,0,0,0,0,0,0.21,0.92,1,1,0.88,1,1,1,1,1,1,1,1,1,1,1,1,0.96,1,1,1,1,1,1,1,1,1,1,1,1,1,1,1,1,1,1,1,0.29,0,0,0,0,0,0,0
"SWiz7QwnYPm61pWWUUkMhj4r5pZLP1SvYibdHcB2cov",0,0,0,0,0,0,0,0,0.38,1,1,1,1,1,1,1,1,1,1,1,1,1,1,1,1,1,1,1,1,1,1,1,1,1,1,1,1,1,1,1,0.67,0,0,0,0,0.08,0.46,0.33,1,1,1,1,1,1,1,1,1,1,1,1,1,1,1,1,1,1,1
"SWnetabTLirPWqEK1V1T7HkVLC5vGvfjEsb89wiqrGh",0,0,0,0,0,0,0,0,0,0,0,0,0,0,0,0,0,0,0,0,0,0,0,0,0,0,0,0,0,0,0,0,0,0,0,0,0,0,0,0,0,0,0,0,0,0,0.96,1,1,1,1,1,1,1,1,1,1,1,1,1,1,1,1,1,1,1,1
"SaGAgdkowooXBrHihpmE8gsjf1dUG7n5SqnyJxYFnXJ",0,0,0,0,0,0,0,0,0,0,0,0,0,0,0,0,0,0,0,0,0,0,0,0,0,0,0,0,0,0.21,1,1,0.21,0,0,0,0.17,0.38,0,0,0,0,0,0,0,0,0.04,1,1,1,0.83,0.29,1,1,1,1,1,0.25,0.79,1,1,1,1,1,1,1,1
"Sp7stYmvQaALhVEsmbV3NnatVrH7DFJUz6PWYJfshrk",0,0,0,0,0,0,0,0,0,0,0,0,0,0,0,0,0,0,0,0,0,0,0,0,0,0,0,0,0,0,0,0,0,0,0,0,0,0,0,0,0,0,0,0,0,0,0,0,0,0,0,0,0,0,0.12,1,1,1,1,1,1,1,1,1,1,1,1
"SscQkTYV2BFQYGGffAmTzvefrFrw6z9GNYiWHstVZ77",1,1,1,1,1,1,1,1,1,1,1,1,1,1,1,1,1,1,1,1,1,1,1,1,1,1,1,0.96,1,1,1,1,1,1,1,1,1,0.96,1,1,1,1,1,1,1,0.96,1,1,1,1,1,1,1,1,1,1,1,1,1,1,1,1,1,1,1,1,1
"Stakex4B2tpDHPWGvV1dninfiaYCGdakgTknpzPitLh",0,0,0,0,0,0,0,0,0,0,0,0,0,0,0,0,0,0,0,0,0,0,0,0,0,0,0,0,0,0,0,0,0,0,0,0,0,0,0,0,0,0,0,0,0,0.92,1,1,1,1,1,1,1,1,1,1,1,1,1,1,1,1,1,1,1,1,1
"Ste1115xFGdAYK5jaWA3dEFcUc1S5jEbVvD8e327zty",0,0,0,0,0,0.83,1,1,1,1,1,1,1,1,1,1,1,1,1,1,1,1,1,1,1,1,1,1,1,1,1,1,1,1,1,1,0.46,0.83,1,1,1,1,1,1,1,1,1,1,1,1,1,0,0,0,0,0,0,0,0,0,0.46,1,1,1,1,1,1
"StkZAmzUiaUPmg6AhytiWLoRZ1bqefJSjDsqctjCmHb",0,0,0,0,0,0,0,0.71,1,1,0.96,1,1,1,1,1,1,1,1,1,1,1,1,1,1,1,1,1,1,1,1,1,1,1,1,1,1,1,0.88,1,1,1,1,1,1,1,1,1,0.83,0.96,1,1,1,1,1,1,1,1,1,1,1,0.71,0,0,0,0,0
"THWsLPufeq9LWs2H9vYPbtFwdxAHbQHvSbT6pztG8x1",0,0,0,0,0,0,0,0,0,0,0,0,0,0,0,0,0,0,0,0,0,0,0,0,0,0,0,0,0,0,0,0,1,1,0.88,0,0,0,0,0,0,0,0,0,0,0,0.92,1,1,1,1,1,1,1,1,1,1,1,1,1,1,1,1,1,1,1,1
"TopjgY7N1fJdnW89S9fX6t7LF61nspgXGL1NpgAKhDG",0,0,0,0,0,0,0,0,0,0,0,0,0,0,0,0,0,0,0,0,0,0,0,0,0,0,0,0,0,0,0,0,0,0,0,0,0,0,0,0,0,0,0,0,0,0.25,0.12,0,0,0,0,0.38,1,1,1,1,1,1,1,1,1,1,1,1,0.96,1,1
"TrUtH9WTw1jBVuuExpm3MnC5XF7mW6J3x6oXXA9yX4U",1,1,1,1,1,1,1,1,1,1,1,1,1,1,1,1,1,1,1,1,1,1,1,1,1,1,1,1,1,1,1,1,1,1,1,1,1,1,1,1,1,1,1,1,1,1,1,1,0.96,1,1,1,1,1,1,1,1,1,1,1,1,1,1,1,1,1,1
"Tri1F8B6YtjkBztGCwBNSLEZib1EAqMUEUM7dTT7ZG3",0,0,0,0,0,0,0,0,0,0,0,0,0,0,0,0,0,0,0,0,0,0,0,0,0,0,0,0,0,0,0,0,0,0,0,0,0,0,0,0.54,1,1,1,1,1,1,1,1,1,1,1,1,1,1,1,1,1,1,1,1,1,1,1,1,0.96,1,1
"TxtxXzLTDQ9W4ya3xgwyaqVa6Tky6Yqhi5BLpPCc9tZ",0,0,0,0,0,0,0,0,0,0,0,0,0,0,0,0,0,0,0,0,0,0,0,0.33,1,1,1,1,1,1,1,1,1,1,1,1,0.92,1,1,1,1,1,1,1,1,1,0.96,1,1,1,1,1,1,1,1,1,1,1,1,1,1,1,1,1,1,1,1
"U82KEYMnuCiZSQbvuCJTZ652HX9NQ63uNSnxyucshrk",0,0,0,0,0,0,0,0,0,0,0,0,0,0,0,0,0,0,0,0,0,0,0,0,0,0,0,0,0,0,0,0,0,0,0,0,0,0,0,0,0,0,0,0,0,0,0,0,0,0,0,0,0,0,0.12,1,1,1,1,1,1,1,1,1,1,1,1
"UNrgBLmc8JT6A3dxXY9DWeHvDezt2DZQbhg1KPQfqEL",0,0,0,0,0,0,0,0,0,0,0,0,0,0,0,0,0,0,0,0,0,0,0,0,0,0,0,0,0,0,0,0,0,0,0,0,0,0,0,0,0,0,0,0,0,0.04,1,1,1,1,1,1,1,1,1,1,1,1,1,1,1,1,1,1,1,1,1
"VALiDcyCpujxjJAZDK2av2TpMAigpSodzj2ApqgR4e6",0,0,0,0,0,0,0,0,0,0,0,0,0,0,0,0,0,0,0,0,0,0,0,0,0,0,0,0,0,0,0,0,0,0,0,0,0,0,0,0,0,0,0,0,0,0.88,1,1,1,1,1,1,0.96,1,1,1,1,1,1,1,1,1,1,1,1,1,1
"Va1idLRtYEtVFJFsvz8vtt1uCJgea4Q1zi2Rh3eraJh",0,0,0,0,0,0,0,0,0,0,0,0,0,0,0,0,0,0,0,0,0,0,0,0,0,0,0,0,0,0,0,0,0,0,0,0,0,0,0,0,0,0,0,0,0,0,0,0,0,0,0,0,0,0.92,1,1,1,1,1,1,1,1,1,1,1,1,1
"WUNoB9YQXmXXRcJsjY1G8PfVag5aAfnyGmFd6YwJVwp",0,0,0,0,0,0,0,0,0,0,0,0,0.42,0.62,0,0,0.08,0.42,1,1,1,1,1,1,1,1,0.08,0.96,1,1,1,1,1,1,1,1,1,1,1,0.21,1,1,1,1,1,0.88,1,1,1,1,1,1,1,1,1,1,1,1,1,1,1,1,1,1,1,1,1
"WnP8cbMW3fqZLHiyEWSpjBQ6sZpfPustpaiY4QKshrk",0,0,0,0,0,0,0,0,0,0,0,0,0,0,0,0,0,0,0,0,0,0,0,0,0,0,0,0,0,0,0,0,0,0,0,0,0,0,0,0,0,0,0,0,0,0,0,0,0,0,0,0,0,0,0.12,1,1,1,1,1,1,1,1,1,1,1,1
"XAqHfPFsqTfAJHBRHAcEECkMSykXjkUj2Rta16Qshrk",0,0,0,0,0,0,0,0,0,0,0,0,0,0,0,0,0,0,0,0,0,0,0,0,0,0,0,0,0,0,0,0,0,0,0,0,0,0,0,0,0,0,0,0,0,0,0,0,0,0,0,0,0,0,0.12,1,1,1,1,1,1,1,1,1,1,1,1
"YE11a5nVJtUNqsojkphYuWc7StqBzbCeFH6BjhAAUEV",0,0,0,0,0.38,1,1,1,1,1,1,1,1,1,1,0.83,1,1,1,1,0.58,0,0,0.46,1,1,0.88,0,0.92,1,1,1,1,1,1,1,0.62,0.21,1,1,1,1,1,1,1,1,1,1,1,1,1,1,1,0.04,0.96,1,1,1,1,1,1,1,1,1,1,1,1
"YuRBAsy9Stw1u46A8dMp7WQVBFweLP1PKuYibzYAMmQ",0,0,0,0,0,0,0,0,0,0,0,0,0,0,0,0,0,0,0,0,0,0,0,0,0,0,0,0,0,0,0,0,0,0,0,0,0,0,0,0,0,0.21,1,1,1,1,1,1,1,1,1,1,1,1,1,1,1,1,1,1,1,1,1,1,1,1,1
"ZoD1XLMhxdMveAJL4x9oab4FhRKP5NThTnSCH19Tdjp",0,0,0,0,0,0,0,0,0,0,0,0,0,0,0,0,0,0,0,0,0,0,0,0,0,0,0,0,0,0,0,0,0,0,0,0,0,0,0,0,0,0,0,0,0,0,0,0,0,0,0,0,0,0,0,0,0,0,0,0,0,0,0,0,0,0.17,1
"adramSYKBv1yHoZTub4kepcmF5LybPxwyJcsz4fpfi7",0,0,0,0,0,0,0,0,0,0,0,0,0,0,0,0,0,0,0,0,0,0,0,0.71,1,1,0.79,0.25,0.67,1,1,1,1,1,1,1,0.58,0.42,1,0.88,1,1,1,1,1,0.79,1,1,1,1,1,1,1,0.08,0.79,1,1,1,1,1,1,1,1,1,1,1,1
"adre1Xia7ekGsEqNgHeFc7MYwkfzTQNeJgQmZ2agAKZ",0,0,0,0,0.83,1,1,1,1,1,1,1,1,1,1,1,1,1,1,1,1,1,0.96,1,1,1,0.92,0.92,1,1,1,1,1,1,1,1,1,0.83,1,1,1,1,1,1,1,1,1,1,1,1,1,1,1,1,1,1,1,1,1,1,1,1,1,1,1,1,1
"ana2y2YvQ3ZPMwm6qhnN3nJoUSiT3qx5Pvetkq9xcfY",0,0,0,0,0,0,1,1,1,1,1,1,0.79,0,0,0.17,1,1,1,1,1,1,1,1,1,1,1,1,1,1,1,1,1,1,1,1,1,1,1,1,1,1,1,1,1,0.92,1,1,1,1,1,1,1,1,1,1,1,1,1,1,1,1,1,1,1,0.92,1
"axy3tCRL3wmFMVG4c69rYurcf4fXhBo2RcuBj9ADnJ4",1,1,1,1,1,1,1,1,1,1,1,1,1,1,1,0.67,0,0,0,0,0,0,0,0,0,0,0,0,0,0,0,0,0,0,0,0,0,0,0.08,1,1,1,1,1,1,1,1,1,1,1,1,1,1,1,1,1,1,1,1,1,1,1,1,1,1,1,1
"b1ueZK9bWTywN2587zsScyLTaH18wfRfN5W15XnkiqF",1,1,1,1,1,1,1,1,1,1,1,1,1,1,1,1,1,1,1,1,1,1,0.96,0.79,0.33,1,1,1,1,1,1,1,0.67,0.17,1,1,0.62,0.17,1,1,1,1,1,1,1,1,1,1,1,1,1,1,1,0.04,0.96,1,1,1,1,1,1,1,1,1,1,1,1
"bay3wXfJsu9ds1zQBoQQ4DUwFGs3NP6q4gca9WM5G1z",1,1,1,1,1,1,1,1,1,1,1,1,1,1,1,1,1,1,1,1,1,1,1,1,1,1,1,1,1,1,1,1,1,1,1,1,1,1,1,1,0.96,1,1,1,1,1,1,1,1,1,1,1,1,1,1,1,1,1,1,1,1,1,1,1,1,1,1
"bookoVmqw4QjVj5BbkFacouadx9M7816wyRkfM7A5Lo",0,0,0,0,0,0.58,1,1,1,1,1,1,1,1,1,1,1,1,1,1,1,1,1,1,1,1,1,1,1,1,1,1,1,1,1,1,1,1,0.96,1,1,1,1,1,1,1,1,1,1,1,1,1,1,1,1,1,1,1,1,1,1,1,1,1,1,1,1
"bxrAptB5ZpZBhoLedJpoGWY5hBjjt3zvVBr2323Rrq6",0,0,0,0,0,0,0,0,0,0,0,0,0,0,0,0,0,0,0,0,0,0,0,0,0,0,0,0,0,0,0,0,0,0,0,0,0,0,0,0,0,0,0,0,0,0,0,0,0,0,0.17,1,1,1,1,1,1,1,1,1,1,1,1,1,1,1,1
"c3rtoMCHSbFrLRTAdw4iRowKSn4BrDtvSPbuyJwkHwx",0,0,0,0,0,0,0,0,0,0,0,0,0,0,0,0,0,0,0,0,0,0.12,1,1,1,1,0.38,0,0,0,0,0,0,0,0,0,0,0,0,0.08,0.96,1,1,1,1,1,1,1,1,1,1,1,1,1,1,1,1,1,0.25,1,1,1,1,1,1,1,1
"cBYbGeACrgaqNNoE1zFTveRZGozE6G4q6X6ntnCshrk",0,0,0,0,0,0,0,0,0,0,0,0,0,0,0,0,0,0,0,0,0,0,0,0,0,0,0,0,0,0,0,0,0,0,0,0,0,0,0,0,0,0,0,0,0,0,0,0,0,0,0,0,0,0,0.12,1,1,1,1,1,1,1,1,1,1,1,1
"chdvWr6T14nqGRFD37KY36dsvhkCtDaufW5rpu3AfHe",1,1,1,1,1,1,1,1,1,1,1,1,1,1,1,1,1,1,1,1,1,1,0.96,1,1,1,1,1,1,1,1,1,1,1,1,1,0.96,1,1,1,1,1,1,1,1,1,1,0.96,1,1,1,1,1,1,1,1,1,1,1,1,1,1,1,1,1,1,1
"chrtyETASKQhsndRM9pr6qC3gAHG5MuRwCgXSNVqnJL",0,0,0,0,0,0,0,0,0,0,0,0,0,0,0,0,0,0,0,0,0,0,0,0,0,0,0,0,0,0,0,0,0,0,0,0,0,0,0,0,0,0,0,0,0,0,0,0.96,1,1,1,1,1,1,1,1,1,1,0.21,0,0.92,1,1,1,1,1,1
"ciTyjzN9iyobidMycjyqRRM7vXAHXkFzH3m8vEr6cQj",1,1,1,1,1,1,1,1,1,1,1,1,1,1,1,1,1,1,1,1,1,1,1,0.96,1,1,1,1,1,1,1,1,1,1,1,1,0.92,1,1,1,1,1,1,1,1,1,0.88,1,1,1,1,1,1,1,1,1,1,1,1,1,1,1,1,1,1,1,1
"dcntruDNP5SEcGV4RxnsqXFURdDZGT3DTQv68Q8H7Vu",0,0,0,0,0,0,0,0,0,0,0,0,0,0,0,0,0,0,0,0,0,0,0,0.92,1,1,0.96,0.17,0,0,0,0.96,1,1,1,1,0.62,0.29,0.33,1,1,1,1,1,1,1,1,1,1,1,1,1,1,1,1,1,1,1,1,0.96,1,1,1,1,1,1,1
"dmMwc4RazLHkvDZYrWAfbHQ6cViAvNa5szCJKaiun8S",1,1,0.58,1,1,1,1,1,1,1,1,1,1,1,1,0.83,1,1,1,1,1,1,1,0.88,0.92,1,0.92,0.92,1,1,1,1,1,1,1,1,1,0.83,1,1,1,1,1,1,1,1,1,1,1,1,1,1,1,1,1,1,1,1,1,1,1,1,1,1,1,1,1
"donK13ycwd7Xp3ZCGCgRQupemv9s7MedbrQsnpwT3UX",0,0,0,0,0,0,0,0,0,0,0,0,0,0,0,0,0,0,0,0,0,0,0,0,0,0,0,0,0,0,0,0,0,0.12,1,1,0.88,1,1,1,0.92,0.92,1,1,1,1,1,1,1,1,1,0.58,1,1,1,1,1,1,1,1,1,1,1,1,1,1,0.62
"dst2u7mXMyDvb14cSErRNA1mxH1d5VXbSXgZ3DKE9xH",0,0,0,0,0,0,0,0,0,0,0,0,0,0,0,0,0,0,0,0,0,0,0.29,1,1,1,1,1,1,1,1,1,1,1,1,1,0.96,1,1,1,1,1,1,1,1,1,1,0.96,1,1,1,1,1,1,1,1,1,1,1,1,1,1,1,1,1,1,1
"dzBhD4wikyy7xqwiJvT49gdrKqWVjfs9M6cTssmRX8Y",1,0.89,1,1,1,1,1,1,1,1,1,1,1,1,1,1,1,1,1,1,1,1,1,1,1,1,1,1,1,1,1,1,0.96,1,1,1,1,1,1,1,1,1,1,1,1,1,1,1,1,1,1,0.75,1,1,1,1,1,1,1,1,1,1,1,1,1,1,1
"eKV6p4xW86Ryc3r93WYLEHhHne7Zzn3upT8R2cxshrk",0,0,0,0,0,0,0,0,0,0,0,0,0,0,0,0,0,0,0,0,0,0,0,0,0,0,0,0,0,0,0,0,0,0,0,0,0,0,0,0,0,0,0,0,0,0,0,0,0,0,0,0,0,0,0.12,1,1,1,1,0.88,1,1,1,1,1,1,1
"eyeYaqg9e2L6xw7YwsSLm27eWJfhLNAm6ETQm8TXNoK",0,0,0,0,0.83,1,1,1,1,1,1,1,1,1,1,1,1,1,1,1,1,1,1,1,1,1,1,1,1,1,1,1,1,1,1,1,0.96,1,1,1,1,1,1,1,1,1,1,0.96,1,1,1,1,1,1,1,1,1,1,1,1,1,1,1,1,1,1,1
"fdzip81euDS8jEZHx5H1mn27zGVMLzkgpQuzYRBfBYG",0,0,0,0,0,0,0,0,0,0,0,0,0,0,0,0,0,0,0,0,0,0,0,0,0,0,0,0,0,0,0,0,0,0,0,0,0,0,0,0,0,0,0,0,0,0,0,0,0,0,0,0,0,0,0,0,0,0,0,0,0,0,0,0,0.17,1,1
"fhT6kkkJfBAkG8C5CPBQJqyiNfW47NSLhAQFvBFYmio",0,0,0,0,0,0,0,0,0,0,0,0,0,0,0,0,0,0,0,0,0,0,0,0,0,0,0,0,0,0,0,0,0,0,0,0,0,0,0,0,0,0,0,0,0,0,0,0,0,0,0,0,0,0,0,0.21,1,1,1,1,1,1,1,1,1,1,0.83
"fotby1ABxpei2EVH9uXJ6KbHYgPjbg4Sny9eRzQjtRN",1,1,1,1,1,1,1,1,1,1,1,1,1,1,1,1,1,1,1,1,1,1,1,1,1,1,1,1,1,1,1,1,1,1,1,1,1,1,1,1,1,1,1,1,1,1,1,1,1,1,1,1,1,1,1,1,1,1,1,1,1,1,1,1,1,1,1
"gojir4WnhS7VS1JdbnanJMzaMfr4UD7KeX1ixWAHEmw",1,1,1,1,1,1,1,1,1,1,1,1,1,1,1,1,1,1,1,1,1,1,1,1,1,1,1,1,0.71,0,0,0,0,0,0.38,1,1,1,1,1,0.67,0.38,1,1,1,1,1,1,1,1,1,1,1,1,1,1,1,1,1,1,1,1,1,1,1,1,1
"gotasRuLTuJNZDtLHmaDJpEUjCWZqkHcuwbLhkgCwCX",0,0,0,0,0,0,0,0,0,0,0,0,0,0,0,0,0,0,0,0,0,0,0,0,0,0,0,0,0,0,0,0,0,0,0,0,0,0,0,0,0,0,0,0,0,0,0,0,0,0,0,0,0,0,0,0,0,0,0,0,0,0.08,1,1,1,1,1
"gridqZmeBcsUKT2Mv4M9YFHFN3tVLFb2TCtTcLD1cAd",0,0,0,0,0,0.58,1,1,1,1,1,1,1,1,1,1,1,1,1,1,1,1,1,1,1,1,1,1,1,1,1,1,1,1,1,1,1,1,1,1,1,1,1,1,1,1,1,1,1,1,1,1,1,1,1,1,1,1,1,1,1,1,1,1,1,1,1
"grptonHnt7YSmJokGK9TJJTBXDT8ca4LSWMHCCfzzPa",0,0,0,0.08,0,0,0,0,0,0,0,0,0,0,0,0,0,0,0,0,0,0,0.08,1,1,1,1,1,1,1,1,1,1,1,1,1,1,1,1,1,1,1,1,1,1,1,1,1,1,1,1,1,1,1,1,1,1,1,1,1,1,1,1,1,1,1,1
"hnhCMmnrmod4rcyc3QRKkLEC9XnPTvYJ2gBvjgFiV4o",1,1,1,1,1,1,1,1,1,1,1,1,1,1,1,1,1,1,1,1,1,1,0.96,1,1,1,1,1,1,1,1,1,1,1,1,1,0.96,1,1,1,1,1,1,1,1,1,1,0.96,1,1,1,1,1,1,1,1,1,1,1,1,1,1,1,1,1,1,1
"huinBRP3muBuqZLMW8ARjdn4mBnEmFFcxiBzrkQz553",1,1,1,1,1,1,0.96,1,1,1,1,1,1,1,1,1,1,1,1,1,1,1,1,1,1,1,1,1,0.96,1,1,1,1,1,1,1,1,1,0.96,1,1,1,1,0.96,1,1,1,1,1,1,1,1,1,1,1,1,1,1,1,1,1,1,1,1,1,1,1
"hxMhrsuGPDmkLJ4mTxEjyeMST3VGhTiwJvS9XgHwePj",0,0,0,0,0.83,1,1,1,1,1,1,1,1,1,1,1,1,1,1,1,1,1,1,1,1,1,1,1,1,1,1,1,1,1,1,1,0.92,1,1,1,1,1,1,1,1,1,1,0.96,1,1,1,1,1,1,1,1,1,1,1,1,1,1,1,1,1,1,1
"hy1oMaD3ViyJ8i6w1xjP79zAWBBaRd1zWdTW8zYXnwu",0,0,0,0,0.83,1,1,1,1,1,1,1,1,1,1,1,1,1,1,1,1,1,0.96,0.96,1,1,1,0.67,0,0,0.08,0.88,0.88,1,1,1,1,1,0.88,1,1,1,1,0.92,0,0.38,1,1,1,1,1,1,1,1,1,1,1,1,1,1,1,1,1,1,1,1,1
"idCE5k2BtTpwXdwAC7Var1enT9reut9fWECcxQP7LY7",0,0,0,0,0,0,0,0,0,0,0,0,0,0,0,0.92,1,1,1,1,1,1,1,1,1,1,1,0.75,1,1,1,1,1,1,1,1,1,1,1,0.96,1,1,1,1,1,1,1,1,1,1,1,1,1,1,1,1,1,1,1,1,1,1,1,1,1,1,1
"idLi1KLjkzEmLvzdB756HweHRmpuC3AGkGnK2zhWJ45",0,0,0,0,0,0,0,0,0,0,0,0,0,0.58,1,1,1,1,1,1,0.62,0,0,0,0,0,0,0,0,0,0,0,0,0,0,0,0,0,0,0,0,0,0,0,0,0,0,0,0,0,0,0,0,0,0,0,0,0,0,0,0,0,0,0,0,0,0
"jagBNeXYncnn1hzwSq1JJ16XhWTgQ7DCFVqndSJZ6vT",0,0,0,0,0,0,0,0,0,0,0,0,0,0,0,0,0,0,0,0,0,0,0,0,0,0,0,0,0,0,0,0,0,0.58,1,1,1,1,1,0.96,1,0.92,1,1,1,1,1,1,1,1,1,1,1,1,1,1,1,1,1,1,1,1,1,1,1,1,1
"jntr1vkzvSujfckGR6ANmFmirVoPBMNr5XJGKP5uDQA",1,1,1,1,1,1,1,1,1,1,1,1,1,1,1,1,1,1,1,1,1,1,0.96,1,1,1,1,1,1,1,1,1,1,1,1,1,1,1,1,1,1,1,1,1,1,1,1,0.96,1,1,1,1,1,1,1,1,1,1,1,1,1,1,1,1,1,1,1
"kREnNfJrPEHbrjSQDxmxZdGmN6hi7ewXZ3UZTURshrk",0,0,0,0,0,0,0,0,0,0,0,0,0,0,0,0,0,0,0,0,0,0,0,0,0,0,0,0,0,0,0,0,0,0,0,0,0,0,0,0,0,0,0,0,0,0,0,0,0,0,0,0,0,0,0.12,1,1,1,1,1,1,1,1,1,1,1,1
"kom1oNHyyt84XLGVfi5Jo1qkVkU5xG1sBxPG19rWknE",0,0,0,0,0,0,0,0,0,0,0,0,0,0,0,0,0,0,0,0,0,0,0,0,0,0,0,0,0,0,0,0,0,0,0,0,0,0,0,0,0,0,0,0,0,0,0,0,0,0,0,0,0,0,0,0,0.04,1,1,1,1,1,1,1,1,1,1
"kyzzzgRymGpePUsLyr48kQHt53kh5CSfRH1qfvz1xgj",0,0,0,0,0,0,0,0,0,0,0,0,0,0,0,0,0,0,0,0,0,0,0,0,0,0,0,0,0,0,0,0,0,0,0,0,0,0,0,0,0,0,0,0,0,0.04,1,1,1,1,1,0.92,1,1,1,1,1,1,1,1,1,1,1,1,1,1,1
"mALL2W6DUgDDtcyurC9v5YTF2CMMeuRwPBkf6tEoG3y",0,0,0,0,0,0,0,0,0,0,0,0,0,0,0,0,0,0,0,0,0,0,0,0,0,0,0,0,0,0,0,0,0,0,0,0,0,0,0,0,0,0,0,0,0,0,0,0,0,0,0,0,0,0,0,0,0,0,0,0,0,0.12,1,1,1,1,1
"mHtqTQHaUcFjSZF6tGLNLsHLvjVsxXEK8w3BoT9eLAT",0,0,0,0,0,0,0,0,0,0,0,0,0,0,0,0,0,0,0,0,0,0,0,0,0,0,0,0,0,0,0,0,0,0,0,0,0,0,0,0,0,0,0,0,0,0,0,0,0,0,0,0.71,1,1,1,1,1,1,1,1,1,1,1,1,1,1,1
"meshRrDTME9cL2FSQ9E56EncfkZ7vL8apwcCFsw3o6Y",0,0,0,0,0,0.71,1,1,1,1,1,1,1,1,1,1,1,1,1,1,1,1,1,1,1,1,1,1,1,1,1,1,1,1,1,1,1,1,1,1,1,1,1,1,1,1,1,1,1,1,1,1,1,1,1,1,1,1,1,1,1,1,1,1,1,1,1
"movJfS8W7z4PzZJbanwt2DDSN3NbZSyadbDp8DnqbAP",0,0,0,0,0,0,0,0,0,0,0,0,0,0,0,0,0,0,0,0,0,0,0,0,0,0,0,0,0,0,0,0,0,0,0,0,0,0,0,0,0,0,0,0,0,0,0,0,0,0,0,0,0,0,0.38,1,1,1,1,1,1,1,1,0.71,1,0.96,1
"mrgn28BhocwdAUEenen3Sw2MR9cPKDpLkDvzDdR7DBD",1,1,1,1,1,1,1,1,1,1,1,1,1,1,1,1,1,1,1,1,1,1,1,1,1,1,1,1,1,1,1,1,1,1,1,1,1,1,1,1,1,1,1,1,1,1,1,1,1,1,1,0,0,0,0,0,0,0,0,0,0,0,0,0,0,0,0
"mrgn3H4uBbKAWBjdFKSGks3SpLm4q8YaRxUCMGa5ZBY",1,1,1,1,1,1,1,1,1,1,1,1,1,1,1,1,0.62,0,0,0,0,0,0,0,0,0,0,0,0,0,0,0,0,0,0,0,0,0,0,0,0,0,0,0,0,0,0,0,0,0,0,0,0,0,0,0,0,0,0,0,0,0,0,0,0,0,0
"mrgn4sJJu5GBa5wbKyjuASzhyCifvcedGoLtpKjB3Wf",1,1,1,1,1,1,1,1,1,1,1,1,1,1,1,1,1,1,1,1,1,1,1,1,1,1,1,1,1,1,1,1,1,1,1,1,1,1,1,0.79,0,0,0,0,0,0,0,0,0,0,0,0,0,0,0,0,0,0,0,0,0,0,0,0,0,0,0
"mythxvB89eT3C1TKwwhsvdHfYq2aoCt2es8vLoDFYyk",1,1,0.58,1,1,1,1,1,1,1,1,1,1,1,1,0.83,1,1,1,1,1,1,1,0.88,0.92,1,1,0.62,0,0,0,0,0,0.17,1,1,1,0.83,0.96,1,1,1,1,1,1,1,1,1,1,1,1,1,1,1,1,1,1,1,1,1,1,1,1,1,1,1,1
"nSGZ3tv2UhskkPqiB666yDVj7PTi9qKgDqvjHyw5JgM",0,0,0,0,0,0,0,0,0,0,0,0,0,0,0,0,0,0,0,0,0,0,0,0,0,0,0,0,0,0,0,0,0,0,0,0,0,0,0,0,0,0,0,0,0.58,1,1,1,1,1,1,1,1,1,1,1,1,1,1,1,1,1,1,1,1,1,1
"nateKhsYkrVc992UuTfAhEEFQqr2zQfpGg9RafNkxdC",1,1,1,1,1,1,1,1,1,1,1,1,1,1,1,1,1,1,1,1,1,1,1,0.92,1,1,1,1,1,1,1,1,1,1,1,1,0.96,1,1,1,1,1,1,1,1,1,1,0.96,1,1,1,1,1,1,1,1,1,1,1,1,1,1,1,1,1,1,1
"nebu15XQKGpxzhhckADBX9PgvGN5qk9RRJCFLKc118w",1,1,1,1,1,1,1,1,1,1,1,1,1,1,1,1,1,1,1,1,1,1,1,1,1,1,1,1,1,1,1,1,1,1,1,1,1,1,1,1,0.75,1,1,1,1,1,1,1,1,1,1,1,1,1,1,1,1,1,1,1,1,1,1,1,1,1,1
"noMiSMNpN3iGeX3WdF5M2KQdFUQt2RYYpfJ4dN1Ni3k",0,0,0,0,0,0,0,0,0,0,0,0,0,0,0,0,0,0,0,0,0,0,0,0,0,0,0,0,0,0,0,0,0,0,0,0,0,0,0,0,0,0,0,0,0,0,0,0,0,0,0,0,0,0,0,0,0,0,0,0,0.71,1,1,1,1,1,1
"novaeuhY2JH2WHhc9KVTHDx2cyJZdXJC6faf4CtARZn",0,0,0,0,0,0,0,0,0,0,0,0,0,0,0,0,0,0,0,0,0,0,0,0,0,0,0,0,0,0,0,0.96,1,1,1,1,0.62,1,0.88,1,1,1,1,1,1,1,1,1,1,1,1,1,1,1,1,1,1,1,1,0.96,1,1,1,1,1,1,1
"nxts9SpchNGqWHRB3zmhskt434MCbUUwkeUcs6xX5oe",0,0,0,0,0,0,0,0,0,0,0,0,0,0,0,0,0,0,0,0,0,0,0,0,0,0,0,0,0,0,0,0,0,0,0,0,0,0,0,0,0,0,0,0,0,0,0,0.96,1,1,1,1,1,1,1,1,1,1,1,1,1,1,1,1,1,1,1
"nymsHergYedT9CJMgtGMvqXUTGcbs5o3MiWTJUbqTGY",0,0,0,0,0,0,0,0,0,0,0,0,0,0,0,0,0,0,0,0,0,0,0,0,1,1,1,1,1,1,1,1,1,1,1,1,1,1,1,0.96,1,1,1,1,1,1,1,1,1,1,1,0,0.38,1,1,1,1,1,1,1,1,1,1,1,1,1,1
"odcvDWH5wHVKz9XtmGGxTj5ZsmawTjCCty3nyBKDGzS",0,0,0,0,0,0,0,0,0,0,0,0,0,0,0,0,0,0,0,0,0,0,0,0,0,0,0,0,0,0,0,0,0.21,1,1,1,0.62,0.88,1,1,1,1,1,1,1,1,1,1,1,1,1,1,1,1,1,1,1,1,1,0.96,1,1,1,1,1,1,1
"parayLyZvwnGjDT2pGqrVn8UDxmNcdNQCE8uPRWMeRz",0,0,0,0,0,0,0,0,0,0,0,0,0,0,0,0,0,0,0,0,0,0,0,0,0,0,0,0,0,0,0,0,0,0,0,0,0,0,0,0,0,0,0,0,0,0.12,0.96,1,1,1,1,1,1,1,1,1,1,1,1,1,1,1,1,1,1,1,1
"phz1CRbEsCtFCh2Ro5tjyu588VU1WPMwW9BJS9yFNn2",1,1,0.58,1,1,1,0.83,1,1,1,1,1,1,1,1,0.83,1,1,1,1,1,1,1,1,1,1,1,0.71,1,1,1,1,1,1,1,1,1,1,0.75,1,1,1,1,1,1,0.79,1,1,1,1,1,1,1,1,1,1,1,1,1,1,1,1,1,1,1,1,1
"pidrcoD3t88h8MzJU2EACHL8A6iMoQqwueXPA8KLwUS",0,0,0,0,0,0,0,0,0,0,0,0,0,0,0,0,0,0,0,0,0.42,1,1,1,1,1,1,1,1,1,1,1,1,1,1,1,1,1,1,1,1,1,1,1,1,1,1,1,1,1,1,0.67,1,1,1,1,1,0.96,0.96,1,1,1,1,1,1,1,1
"pineXRUnbaLNFMxaM3zBmFfTiKgQMGqT9jYHXZWq2Fw",0,0,0,0,0,0,0,0,0,0,0,0,0,0,0,0,0,0,0,0,0,0,0,0,0,0,0,0,0,0,0,0,0,0,0,0,0,0,0,0,0,0,0,0,0,0.17,1,1,1,1,1,1,1,1,1,1,1,1,1,1,1,1,1,1,1,1,1
"pitMDEaMmWmr7qP8HsNqarPQkd3jhZbLJibhhQnL5RG",0,0,0,0,0,0,0,0,0,0,0,0,0,0,0,0,0,0,0,0,0,0,0,0.75,1,1,1,1,1,1,1,1,1,1,1,1,1,1,1,1,1,1,1,1,1,1,1,1,1,1,1,1,0.92,1,1,1,1,1,1,1,1,1,1,1,1,1,1
"pitch9cMruwjDtAnisNS4mwZUPhMsBztNEGu2weMg55",0,0,0,0,0,0,0,0,0,0,0,0,0,0,0,0,0,0,0,0,0,0,0.38,1,1,1,1,1,1,1,1,1,1,1,1,1,1,1,1,1,0.96,1,1,1,1,1,1,1,1,1,1,1,1,1,1,1,1,1,1,1,1,1,1,1,1,1,1
"popscoyTKVksa4TyTXw488b3vvFxM7qQEyTBeMQopKu",0,0,0,0,0,0,0.46,1,1,0.95,1,1,1,1,1,1,1,1,1,1,1,1,1,1,1,1,1,1,1,1,1,1,1,1,1,1,1,1,1,1,1,1,1,1,0.88,1,1,1,1,1,1,1,1,1,1,1,1,1,1,1,1,1,1,1,1,1,1
"ppppoqHcHVzigV6SK4856BAsNxhTAi32hqQQWrziyHE",0,0,0,0,0,0,0,0,0,0,0,0,0,0,0,0,0,0,0,0,0,0,0,0,0,0,0,0,0,0,0,0,0,0,0,0,0,0,0,0,0,0,0,0,0.29,1,1,1,1,1,1,1,1,1,1,1,1,1,1,1,1,1,1,1,1,1,1
"prt1st4RSxAt32ams4zsXCe1kavzmKeoR7eh1sdYRXW",0,0,0,0,0,0,0,0,0,0,0,0,0,0,0,0,0,0,0,0,0,0,0,0,0,0,0,0,0,0,0,0,0,0,0,0,0,0,0,0,0,0,0,0,0,0.21,0.92,1,1,1,1,1,1,1,1,1,1,1,1,1,1,1,1,1,1,1,1
"puffinQSvKFriPbyE5atyx1ptfnyytovbzxybr1jsyy",0,0,0,0,0,0,0,0,0,0,0,0,0,0,0,0,0,0,0,0,0,0,0,0,0,0,0,0,0,0,0,0,0,0,0,0,0,0,0,0,0,0,0,0,0,0,0,0,0,0,0,0,0.25,1,1,1,1,1,1,1,1,1,1,0.46,0,0,0.46
"q1yPXLsYcJhzxhUYLewFDjYmsBh2gDFnYqrZ9VPshrk",0,0,0,0,0,0,0,0,0,0,0,0,0,0,0,0,0,0,0,0,0,0,0,0,0,0,0,0,0,0,0,0,0,0,0,0,0,0,0,0,0,0,0,0,0,0,0,0,0,0,0,0,0,0,0.12,1,1,1,1,1,1,1,1,1,1,1,1
"qZMH9GWnnBkx7aM1h98iKSv2Lz5N78nwNSocAxDQrbP",0,0,0,0,0,0,0,0.38,1,1,1,1,1,1,1,1,1,1,1,1,1,1,1,1,1,1,0.96,1,1,1,1,1,1,1,1,1,1,1,1,1,1,1,1,1,1,1,1,1,1,1,1,1,1,1,1,1,1,1,1,1,1,1,1,1,1,1,1
"radM7PKUpZwJ9bYPAJ7V8FXHeUmH1zim6iaXUKkftP9",1,1,0.58,1,0.67,0,0.79,1,1,0.81,0,0,0,0,0,0.17,1,1,1,1,1,1,1,1,1,1,1,0.67,0.17,1,1,1,1,1,1,1,1,1,0.75,1,1,1,1,1,1,1,1,1,1,1,1,1,1,1,1,1,1,1,1,1,1,1,1,0.96,1,1,1
"rapXHroUoGG3KvZ3qwjvGMdA7siWXwXpiNC1bYarvSC",1,1,1,1,1,1,1,1,1,1,1,1,1,1,1,1,1,1,1,1,1,1,1,0.92,1,1,1,1,1,1,1,1,1,1,1,1,0.96,1,1,1,1,1,1,1,1,1,0.96,1,1,1,1,1,1,1,1,1,1,1,1,1,1,1,1,1,1,1,1
"rubyWZkfnjG716rx69n2oCAhevVZaMRQunir9VQcY2E",0,0,0,0,0,0,0,0,0,0,0,0,0,0.04,0,0,0,0,0,0,0,0,0,0,0,0,0,0,0,0,0,0,0,0,0,0,0,0,0,0,0,0,0,0,0,0,0,0,0,0,0,0,0,0,0,0,0,0,0,0,0,0,0,0,0,0,0
"s9bQfWdGJSTr8zHcFrDbuXpc2SgjS5jZvaor3t1shrk",0,0,0,0,0,0,0,0,0,0,0,0,0,0,0,0,0,0,0,0,0,0,0,0,0,0,0,0,0,0,0,0,0,0,0,0,0,0,0,0,0,0,0,0,0,0,0,0,0,0,0,0,0,0,0.12,1,1,1,1,1,1,1,1,1,1,1,1
"sCANXAaS1a7yB8jz3USvGNLfd8DSc9r7TNzNSKKPkfY",0,0,0,0,0,0,0,0,0,0,0,0,0,0,0,0,0,0,0,0,0,0,0,0,0,0,0,0,0,0,0,0,0,0,0,0,0,0,0,0,0,0,0,0,0,0,0,0,0,0,0.17,1,1,1,1,1,1,1,1,1,1,1,1,1,1,1,1
"sTEAKPk59EtPPbixCweyv6oRLNCDEE8pnnef6gUfbiW",0,0,0,0,0,0,0,0,0,0,0,0,0,0,0,0,0,0,0,0,0,0,0,0,0,0,0,0,0,0,0,0,0,0,0,0,0,0,0,0,0,0,0,0,0,0,0,0,0,0,0,0,0,0,0,0,0,0,0,0,0,0,0,0,0,0.08,1
"sTEVErNNwF2qPnV6DuNPkWpEyCt4UU6k2Y3Hyn7WUFu",0,0,0,0,0,0,0,0,0,0,0,0,0,0,0,0,0,0,0,0,0,0,0.29,1,1,1,1,1,1,1,1,1,1,1,1,1,1,1,1,1,1,1,1,1,1,1,1,0.96,1,1,1,1,1,1,1,1,1,1,1,1,1,1,1,1,1,1,1
"sh4rk6QkkaHkYtn9TCNjTPmAk7yBHCNw35pp1KHo4UC",0,0,0,0,0,0,0,0,0,0,0,0,0,0,0,0,0,0,0,0,0,0,0,0,0,0,0,0,0,0,0,0,0,0,0,0,0,0,0,0,0,0,0,0,0,0,0,0,0,0,0,0,0,0,0.12,1,1,1,1,1,1,1,1,1,1,1,1
"simpRo1FrQYGa1moicfgnPDp6KyE38d4gYrZzhjXYJb",0,0,0.42,1,1,1,1,1,1,1,1,1,1,1,1,1,1,1,1,1,1,1,1,1,1,1,1,1,1,1,1,1,1,1,1,1,1,1,1,1,1,1,1,1,0.96,1,1,1,1,1,1,1,1,1,1,1,1,1,1,1,1,1,1,1,1,1,1
"soLStaCk5TiGCpeLKa9Fvv6f5JQGMa6S3uhLh826e9N",1,1,1,1,1,1,1,1,1,1,1,1,1,1,0.92,1,1,1,1,1,1,1,1,1,1,1,0.96,1,1,1,1,1,1,1,1,1,0.67,1,0.96,1,1,1,1,0.92,1,1,1,1,1,1,1,1,1,1,1,0.71,0.21,1,0.71,0.21,1,1,1,1,1,1,1
"spcti6GQVvinbtHU9UAkbXhjTcBJaba1NVx4tmK4M5F",0,0,0,0,0,0,0.62,1,1,1,1,1,1,1,1,1,1,1,1,1,1,1,1,1,1,1,1,1,1,1,1,1,1,1,1,1,1,1,1,1,1,1,1,1,0.96,1,1,1,1,1,1,1,1,1,1,1,1,1,1,1,1,1,1,1,1,1,1
"spur5CDwBvTZszvy1ozGjRc1x2TuDWo3VF4jrq7zgvD",0,0,0,0,0,0,0,0,0,0,0,0,0,0,0,0,0,0,0,0,0,0,0,0,0,0,0,0,0,0,0,0,0,0,0,0,0,0,0,0,0,0,0,0,0,0,0.5,1,1,1,1,1,1,1,1,1,1,1,1,1,1,1,1,1,1,1,1
"stacheBmGG5zMKuetUevAbc4m4dLbve1VPcpSur3voH",0,0,0,0,0,0,0,0,0,0,0,0,0,0,0,0,0,0,0,0,0,0,0,0,0,0,0,0,0,0,0,0,0,0,0,0,0,0,0,0,0,0,0,0,0,0,0,0.92,1,1,1,1,1,1,1,1,1,1,1,1,1,1,1,1,1,1,1
"te1ee9rGf369wxYQkuxkvuvMuTJ9cksgZySmNUF8rNY",0,0,0,0,0.83,1,1,1,1,1,1,1,1,1,1,1,1,1,1,1,1,1,1,0.88,0.83,1,1,0.71,1,1,1,0.96,0,0.17,1,1,1,1,0.83,1,1,1,1,0.92,0,0.38,1,1,1,1,1,1,1,1,1,1,1,1,1,1,1,1,1,1,1,1,1
"tkmaiSoZ3F8MofkQBVWG6JYSCzyN6ioe7ReYXohx3WJ",0,0,0,0,0,0,0,0,0,0,0,0,0,0,0,0,0,0,0,0,0,0,0.58,1,1,1,1,1,1,1,1,1,1,1,1,1,1,1,1,1,1,1,1,1,1,1,1,1,1,1,1,1,1,1,1,1,1,1,1,1,1,1,1,1,1,1,1
"uEhHSnCXvWgtgvVaYscPHjG13G3peMmngQQ2ghC54i3",0,0,0,0,0,0,0,0,0,0,0,0,0,0,0,0,0,0,0,0,0,0,0,0,0,0,0,0,0,0,0,0,0,0,0,0,0,0,0,0,0,0,0,0,0,0,0,0,0,0,0,0,0,0,0,0,0,0,0,0,0,0.71,1,1,1,1,1
"ungM4fafkQg1e13MAzwzuvCxtTTiTZ4Xcq7KqnJRyVJ",0,0,0,0,0,0,0,0,0,0,0,0,0,0,0,0,0,0,0,0,0,0,0,0,0,0,0,0,0,0,0,0,0,0,0,0.29,1,1,1,1,1,1,1,1,0.96,1,1,1,1,1,1,1,1,1,1,1,1,1,1,1,1,1,1,1,1,1,1
"uxqVAFQfox97HazsPtkKiwhypQH6jEGXkQBHDtXshrk",0,0,0,0,0,0,0,0,0,0,0,0,0,0,0,0,0,0,0,0,0,0,0,0,0,0,0,0,0,0,0,0,0,0,0,0,0,0,0,0,0,0,0,0,0,0,0,0,0,0,0,0,0,0,0.12,1,1,1,1,1,1,1,1,1,1,1,1
"vALigXFg9wnnhVHN16vNxHxXtAXiBv5QjAE6udoniBY",1,1,1,1,1,1,1,1,1,1,1,1,1,1,1,1,1,1,1,1,1,1,1,1,1,1,1,1,1,1,1,1,1,1,1,1,1,1,1,1,1,1,1,1,1,1,1,1,1,1,1,1,1,1,1,1,1,1,1,1,1,1,1,1,1,0.83,0.38
"vE8K2TUzwD9NAiTcDjGx6rF8aqU7s3mYtvCmQjHshrk",0,0,0,0,0,0,0,0,0,0,0,0,0,0,0,0,0,0,0,0,0,0,0,0,0,0,0,0,0,0,0,0,0,0,0,0,0,0,0,0,0,0,0,0,0,0,0,0,0,0,0,0,0,0,0.12,1,1,1,1,1,1,1,1,1,1,1,1
"vaoJKVZYPAsqc52T2nNQhABR1gU6Cy2koDKfCQaEiva",0,0,0,0,0,0,0,0,0,0,0,0,0,0,0,0,0,0,0,0,0,0,0,0,0,0,0,0,0,0,0,0,0,0,0,0,0,0,0,0,0,0,0,0,0,0,0,0,0,0,0,0,0,0,0,0,0,0,0.04,1,1,1,1,1,1,1,1
"vnd1Ps8w3fsi54qUMJxBhUWARES34Qw7JQXDZxvbysd",0,0,0,0,0.83,1,1,1,1,1,1,1,1,1,1,0.83,1,1,1,1,1,1,1,0.88,0.92,1,1,0.67,0,0,0.33,1,1,1,1,1,1,1,0.83,1,1,1,1,1,1,1,1,1,1,1,1,1,1,1,1,1,1,1,1,1,1,1,1,1,1,1,1
"vu1sGn2f1Xim6voHNLt4nLn38zNkYdLasU7hEr1TC2D",0,0,0,0,0,0,0,0,0,0,0,0,0,0,0,0,0,0,0,0,0,0,0,0,0,0,0,0,0,0,0,0,0,0,0,0,0,0,0,0,0,0,0,0,0,0,0,0,0,0,0,0,0,0,0,0,0,0,0,0,0.42,1,0.46,0,0,0,0
"vvvvbtDs9HsdsE6NskZMnb1RA6muoud1ChQuiF9QhSM",0,0,0,0,0,0,0,0,0,0,0,0,0,0,0,0,0,0,0,0,0,0,0,0,0,0,0,0,0,0,0,0,0,0,0,0,0.54,0.33,0,0,0,0,0,0,0,0,0,0,0,0,0,0,0,0,0,0,0,0,0,0,0,0,0,0,0,0,0
"wetkjRRRDrSPAzHqfVHtFDbhNnejKm5UPfkHeccFCpo",1,1,0.58,1,1,1,1,1,1,1,1,1,1,1,1,0.83,1,1,1,1,1,1,1,0.88,0.92,1,0.92,0.92,1,1,1,1,1,1,1,1,1,0.83,1,1,1,1,1,1,1,1,0.83,1,1,1,1,1,1,1,1,1,1,1,1,1,1,1,1,1,1,1,1
"zeroT6PTAEjipvZuACTh1mbGCqTHgA6i1ped9DcuidX",0,0,0,0,0,0,0,0,0,0,0.71,1,1,1,1,1,1,1,1,1,1,1,1,1,1,1,1,1,1,1,1,1,1,1,1,1,1,1,1,1,1,1,1,1,1,1,1,1,1,1,1,1,1,1,1,1,1,1,1,1,1,1,1,1,1,1,1
